,FEDFUNDS,CPIAUCSL,DGS10,DGS2,BAMLC0A0CM,BAMLH0A0HYM2,INVERSION_FLAG
2017-01-01,0.65,243.618,,,,,0
2017-01-02,0.65,243.618,,,,,0
2017-01-03,0.65,243.618,2.45,1.22,1.28,4.13,0
2017-01-04,0.65,243.618,2.46,1.24,1.28,4.02,0
2017-01-05,0.65,243.618,2.37,1.17,1.29,4.04,0
2017-01-06,0.65,243.618,2.42,1.22,1.28,3.98,0
2017-01-09,0.65,243.618,2.38,1.21,1.29,4.02,0
2017-01-10,0.65,243.618,2.38,1.19,1.29,4.0,0
2017-01-11,0.65,243.618,2.38,1.2,1.29,4.03,0
2017-01-12,0.65,243.618,2.36,1.18,1.29,4.05,0
2017-01-13,0.65,243.618,2.4,1.21,1.28,4.02,0
2017-01-16,0.65,243.618,2.4,1.21,1.28,4.0,0
2017-01-17,0.65,243.618,2.33,1.17,1.28,4.06,0
2017-01-18,0.65,243.618,2.42,1.23,1.29,4.01,0
2017-01-19,0.65,243.618,2.47,1.25,1.28,3.99,0
2017-01-20,0.65,243.618,2.48,1.2,1.28,4.02,0
2017-01-23,0.65,243.618,2.41,1.16,1.28,4.1,0
2017-01-24,0.65,243.618,2.47,1.21,1.27,4.02,0
2017-01-25,0.65,243.618,2.53,1.23,1.27,3.93,0
2017-01-26,0.65,243.618,2.51,1.21,1.26,3.93,0
2017-01-27,0.65,243.618,2.49,1.22,1.26,3.93,0
2017-01-30,0.65,243.618,2.49,1.22,1.26,3.96,0
2017-01-31,0.65,243.618,2.45,1.19,1.28,4.0,0
2017-02-01,0.66,244.006,2.48,1.22,1.28,3.95,0
2017-02-02,0.66,244.006,2.48,1.21,1.28,3.93,0
2017-02-03,0.66,244.006,2.49,1.21,1.27,3.86,0
2017-02-06,0.66,244.006,2.42,1.16,1.27,3.91,0
2017-02-07,0.66,244.006,2.4,1.16,1.28,3.93,0
2017-02-08,0.66,244.006,2.34,1.15,1.28,3.98,0
2017-02-09,0.66,244.006,2.4,1.2,1.28,3.93,0
2017-02-10,0.66,244.006,2.41,1.2,1.27,3.9,0
2017-02-13,0.66,244.006,2.43,1.2,1.26,3.86,0
2017-02-14,0.66,244.006,2.47,1.25,1.24,3.8,0
2017-02-15,0.66,244.006,2.51,1.27,1.23,3.77,0
2017-02-16,0.66,244.006,2.45,1.22,1.24,3.83,0
2017-02-17,0.66,244.006,2.42,1.21,1.24,3.86,0
2017-02-20,0.66,244.006,2.42,1.21,1.24,3.86,0
2017-02-21,0.66,244.006,2.43,1.22,1.24,3.81,0
2017-02-22,0.66,244.006,2.42,1.22,1.23,3.78,0
2017-02-23,0.66,244.006,2.38,1.18,1.23,3.77,0
2017-02-24,0.66,244.006,2.31,1.12,1.23,3.84,0
2017-02-27,0.66,244.006,2.36,1.2,1.22,3.75,0
2017-02-28,0.66,244.006,2.36,1.22,1.21,3.74,0
2017-03-01,0.79,243.892,2.46,1.29,1.19,3.57,0
2017-03-02,0.79,243.892,2.49,1.32,1.18,3.55,0
2017-03-03,0.79,243.892,2.49,1.32,1.18,3.6,0
2017-03-06,0.79,243.892,2.49,1.31,1.18,3.66,0
2017-03-07,0.79,243.892,2.52,1.32,1.19,3.73,0
2017-03-08,0.79,243.892,2.57,1.36,1.19,3.79,0
2017-03-09,0.79,243.892,2.6,1.37,1.21,3.88,0
2017-03-10,0.79,243.892,2.58,1.36,1.21,3.89,0
2017-03-13,0.79,243.892,2.62,1.4,1.21,3.94,0
2017-03-14,0.79,243.892,2.6,1.4,1.22,4.05,0
2017-03-15,0.79,243.892,2.51,1.33,1.23,4.02,0
2017-03-16,0.79,243.892,2.53,1.35,1.22,3.88,0
2017-03-17,0.79,243.892,2.5,1.33,1.22,3.91,0
2017-03-20,0.79,243.892,2.47,1.3,1.22,3.97,0
2017-03-21,0.79,243.892,2.43,1.27,1.22,4.04,0
2017-03-22,0.79,243.892,2.4,1.27,1.23,4.16,0
2017-03-23,0.79,243.892,2.41,1.26,1.23,4.11,0
2017-03-24,0.79,243.892,2.4,1.26,1.23,4.07,0
2017-03-27,0.79,243.892,2.38,1.27,1.23,4.12,0
2017-03-28,0.79,243.892,2.42,1.3,1.22,4.01,0
2017-03-29,0.79,243.892,2.39,1.26,1.22,3.94,0
2017-03-30,0.79,243.892,2.42,1.28,1.22,3.85,0
2017-03-31,0.79,243.892,2.4,1.27,1.24,3.92,0
2017-04-01,0.9,244.193,2.4,1.27,1.24,3.92,0
2017-04-03,0.9,244.193,2.35,1.24,1.24,3.98,0
2017-04-04,0.9,244.193,2.36,1.25,1.24,3.98,0
2017-04-05,0.9,244.193,2.34,1.24,1.24,3.91,0
2017-04-06,0.9,244.193,2.34,1.24,1.24,3.93,0
2017-04-07,0.9,244.193,2.38,1.29,1.23,3.86,0
2017-04-10,0.9,244.193,2.37,1.29,1.23,3.86,0
2017-04-11,0.9,244.193,2.32,1.24,1.24,3.94,0
2017-04-12,0.9,244.193,2.28,1.24,1.24,3.96,0
2017-04-13,0.9,244.193,2.24,1.21,1.25,4.03,0
2017-04-14,0.9,244.193,2.24,1.21,1.25,4.03,0
2017-04-17,0.9,244.193,2.26,1.21,1.24,4.0,0
2017-04-18,0.9,244.193,2.18,1.18,1.25,4.07,0
2017-04-19,0.9,244.193,2.21,1.19,1.25,4.01,0
2017-04-20,0.9,244.193,2.24,1.21,1.25,3.98,0
2017-04-21,0.9,244.193,2.24,1.2,1.25,3.97,0
2017-04-24,0.9,244.193,2.28,1.25,1.24,3.86,0
2017-04-25,0.9,244.193,2.35,1.29,1.23,3.78,0
2017-04-26,0.9,244.193,2.32,1.28,1.23,3.76,0
2017-04-27,0.9,244.193,2.3,1.25,1.22,3.78,0
2017-04-28,0.9,244.193,2.29,1.28,1.22,3.75,0
2017-04-30,0.9,244.193,2.29,1.28,1.23,3.81,0
2017-05-01,0.91,244.004,2.33,1.28,1.23,3.78,0
2017-05-02,0.91,244.004,2.29,1.27,1.22,3.79,0
2017-05-03,0.91,244.004,2.33,1.3,1.22,3.76,0
2017-05-04,0.91,244.004,2.36,1.32,1.21,3.8,0
2017-05-05,0.91,244.004,2.36,1.32,1.21,3.82,0
2017-05-08,0.91,244.004,2.39,1.33,1.2,3.8,0
2017-05-09,0.91,244.004,2.42,1.37,1.19,3.74,0
2017-05-10,0.91,244.004,2.41,1.35,1.19,3.72,0
2017-05-11,0.91,244.004,2.39,1.35,1.18,3.72,0
2017-05-12,0.91,244.004,2.33,1.29,1.18,3.77,0
2017-05-15,0.91,244.004,2.34,1.31,1.17,3.72,0
2017-05-16,0.91,244.004,2.33,1.29,1.17,3.71,0
2017-05-17,0.91,244.004,2.22,1.26,1.18,3.84,0
2017-05-18,0.91,244.004,2.23,1.27,1.19,3.85,0
2017-05-19,0.91,244.004,2.23,1.28,1.18,3.78,0
2017-05-22,0.91,244.004,2.25,1.29,1.18,3.72,0
2017-05-23,0.91,244.004,2.29,1.31,1.17,3.67,0
2017-05-24,0.91,244.004,2.26,1.29,1.18,3.68,0
2017-05-25,0.91,244.004,2.25,1.3,1.18,3.67,0
2017-05-26,0.91,244.004,2.25,1.3,1.18,3.67,0
2017-05-29,0.91,244.004,2.25,1.3,1.17,3.67,0
2017-05-30,0.91,244.004,2.21,1.28,1.18,3.68,0
2017-05-31,0.91,244.004,2.21,1.28,1.19,3.74,0
2017-06-01,1.04,244.163,2.21,1.28,1.19,3.69,0
2017-06-02,1.04,244.163,2.15,1.28,1.19,3.69,0
2017-06-05,1.04,244.163,2.18,1.32,1.19,3.68,0
2017-06-06,1.04,244.163,2.14,1.3,1.19,3.72,0
2017-06-07,1.04,244.163,2.18,1.32,1.19,3.73,0
2017-06-08,1.04,244.163,2.19,1.33,1.19,3.76,0
2017-06-09,1.04,244.163,2.21,1.35,1.19,3.73,0
2017-06-12,1.04,244.163,2.21,1.35,1.18,3.71,0
2017-06-13,1.04,244.163,2.21,1.38,1.18,3.68,0
2017-06-14,1.04,244.163,2.15,1.35,1.18,3.7,0
2017-06-15,1.04,244.163,2.16,1.35,1.18,3.72,0
2017-06-16,1.04,244.163,2.16,1.32,1.18,3.76,0
2017-06-19,1.04,244.163,2.19,1.36,1.17,3.7,0
2017-06-20,1.04,244.163,2.16,1.36,1.17,3.77,0
2017-06-21,1.04,244.163,2.16,1.36,1.17,3.85,0
2017-06-22,1.04,244.163,2.15,1.34,1.18,3.87,0
2017-06-23,1.04,244.163,2.15,1.34,1.18,3.86,0
2017-06-26,1.04,244.163,2.14,1.36,1.17,3.83,0
2017-06-27,1.04,244.163,2.21,1.38,1.16,3.77,0
2017-06-28,1.04,244.163,2.22,1.34,1.16,3.77,0
2017-06-29,1.04,244.163,2.27,1.38,1.15,3.76,0
2017-06-30,1.04,244.163,2.31,1.38,1.15,3.77,0
2017-07-01,1.15,244.243,2.31,1.38,1.15,3.77,0
2017-07-03,1.15,244.243,2.35,1.41,1.14,3.72,0
2017-07-04,1.15,244.243,2.35,1.41,1.14,3.72,0
2017-07-05,1.15,244.243,2.33,1.41,1.14,3.73,0
2017-07-06,1.15,244.243,2.37,1.4,1.13,3.78,0
2017-07-07,1.15,244.243,2.39,1.4,1.12,3.83,0
2017-07-10,1.15,244.243,2.38,1.4,1.12,3.83,0
2017-07-11,1.15,244.243,2.37,1.37,1.12,3.85,0
2017-07-12,1.15,244.243,2.33,1.35,1.12,3.81,0
2017-07-13,1.15,244.243,2.35,1.37,1.11,3.77,0
2017-07-14,1.15,244.243,2.33,1.35,1.11,3.73,0
2017-07-17,1.15,244.243,2.31,1.36,1.1,3.69,0
2017-07-18,1.15,244.243,2.27,1.36,1.1,3.69,0
2017-07-19,1.15,244.243,2.27,1.37,1.1,3.64,0
2017-07-20,1.15,244.243,2.27,1.37,1.1,3.61,0
2017-07-21,1.15,244.243,2.24,1.36,1.1,3.64,0
2017-07-24,1.15,244.243,2.26,1.37,1.09,3.63,0
2017-07-25,1.15,244.243,2.33,1.4,1.08,3.55,0
2017-07-26,1.15,244.243,2.29,1.36,1.08,3.56,0
2017-07-27,1.15,244.243,2.32,1.36,1.08,3.55,0
2017-07-28,1.15,244.243,2.3,1.34,1.08,3.59,0
2017-07-31,1.15,244.243,2.3,1.34,1.09,3.61,0
2017-08-01,1.16,245.183,2.26,1.34,1.08,3.6,0
2017-08-02,1.16,245.183,2.27,1.36,1.08,3.59,0
2017-08-03,1.16,245.183,2.24,1.34,1.09,3.63,0
2017-08-04,1.16,245.183,2.27,1.36,1.09,3.63,0
2017-08-07,1.16,245.183,2.26,1.36,1.1,3.64,0
2017-08-08,1.16,245.183,2.29,1.36,1.1,3.64,0
2017-08-09,1.16,245.183,2.24,1.33,1.12,3.81,0
2017-08-10,1.16,245.183,2.2,1.33,1.14,3.92,0
2017-08-11,1.16,245.183,2.19,1.3,1.16,4.0,0
2017-08-14,1.16,245.183,2.22,1.33,1.15,3.89,0
2017-08-15,1.16,245.183,2.27,1.35,1.14,3.87,0
2017-08-16,1.16,245.183,2.23,1.33,1.14,3.88,0
2017-08-17,1.16,245.183,2.19,1.32,1.14,3.93,0
2017-08-18,1.16,245.183,2.19,1.33,1.15,3.98,0
2017-08-21,1.16,245.183,2.18,1.32,1.15,4.0,0
2017-08-22,1.16,245.183,2.22,1.33,1.15,3.93,0
2017-08-23,1.16,245.183,2.17,1.32,1.15,3.95,0
2017-08-24,1.16,245.183,2.19,1.33,1.15,3.91,0
2017-08-25,1.16,245.183,2.17,1.35,1.14,3.89,0
2017-08-28,1.16,245.183,2.16,1.33,1.14,3.88,0
2017-08-29,1.16,245.183,2.13,1.33,1.15,3.9,0
2017-08-30,1.16,245.183,2.15,1.33,1.15,3.86,0
2017-08-31,1.16,245.183,2.12,1.33,1.16,3.85,0
2017-09-01,1.15,246.435,2.16,1.35,1.15,3.82,0
2017-09-04,1.15,246.435,2.16,1.35,1.15,3.82,0
2017-09-05,1.15,246.435,2.07,1.3,1.16,3.91,0
2017-09-06,1.15,246.435,2.1,1.3,1.16,3.84,0
2017-09-07,1.15,246.435,2.05,1.27,1.17,3.88,0
2017-09-08,1.15,246.435,2.06,1.27,1.17,3.92,0
2017-09-11,1.15,246.435,2.14,1.32,1.17,3.85,0
2017-09-12,1.15,246.435,2.17,1.33,1.16,3.81,0
2017-09-13,1.15,246.435,2.2,1.35,1.15,3.78,0
2017-09-14,1.15,246.435,2.2,1.37,1.15,3.74,0
2017-09-15,1.15,246.435,2.2,1.39,1.14,3.73,0
2017-09-18,1.15,246.435,2.23,1.4,1.13,3.68,0
2017-09-19,1.15,246.435,2.24,1.4,1.12,3.66,0
2017-09-20,1.15,246.435,2.28,1.45,1.11,3.6,0
2017-09-21,1.15,246.435,2.27,1.45,1.11,3.62,0
2017-09-22,1.15,246.435,2.26,1.46,1.11,3.64,0
2017-09-25,1.15,246.435,2.22,1.44,1.11,3.66,0
2017-09-26,1.15,246.435,2.24,1.45,1.1,3.62,0
2017-09-27,1.15,246.435,2.31,1.47,1.09,3.57,0
2017-09-28,1.15,246.435,2.31,1.45,1.08,3.57,0
2017-09-29,1.15,246.435,2.33,1.47,1.06,3.54,0
2017-09-30,1.15,246.435,2.33,1.47,1.07,3.56,0
2017-10-01,1.15,246.626,2.33,1.47,1.07,3.56,0
2017-10-02,1.15,246.626,2.34,1.49,1.06,3.55,0
2017-10-03,1.15,246.626,2.33,1.47,1.05,3.55,0
2017-10-04,1.15,246.626,2.33,1.47,1.04,3.54,0
2017-10-05,1.15,246.626,2.35,1.49,1.04,3.52,0
2017-10-06,1.15,246.626,2.37,1.54,1.04,3.52,0
2017-10-09,1.15,246.626,2.37,1.54,1.03,3.51,0
2017-10-10,1.15,246.626,2.35,1.51,1.03,3.52,0
2017-10-11,1.15,246.626,2.35,1.51,1.03,3.52,0
2017-10-12,1.15,246.626,2.33,1.51,1.03,3.56,0
2017-10-13,1.15,246.626,2.28,1.51,1.04,3.6,0
2017-10-16,1.15,246.626,2.3,1.54,1.03,3.53,0
2017-10-17,1.15,246.626,2.3,1.54,1.03,3.5,0
2017-10-18,1.15,246.626,2.34,1.59,1.02,3.46,0
2017-10-19,1.15,246.626,2.33,1.58,1.02,3.48,0
2017-10-20,1.15,246.626,2.39,1.6,1.01,3.42,0
2017-10-23,1.15,246.626,2.38,1.58,1.01,3.4,0
2017-10-24,1.15,246.626,2.42,1.6,1.0,3.38,0
2017-10-25,1.15,246.626,2.44,1.61,1.0,3.42,0
2017-10-26,1.15,246.626,2.46,1.63,1.0,3.41,0
2017-10-27,1.15,246.626,2.42,1.59,1.0,3.44,0
2017-10-30,1.15,246.626,2.37,1.58,1.0,3.49,0
2017-10-31,1.15,246.626,2.38,1.6,1.01,3.51,0
2017-11-01,1.16,247.284,2.37,1.61,1.01,3.48,0
2017-11-02,1.16,247.284,2.35,1.61,1.02,3.52,0
2017-11-03,1.16,247.284,2.34,1.63,1.02,3.52,0
2017-11-06,1.16,247.284,2.32,1.61,1.03,3.55,0
2017-11-07,1.16,247.284,2.32,1.63,1.04,3.57,0
2017-11-08,1.16,247.284,2.32,1.65,1.04,3.67,0
2017-11-09,1.16,247.284,2.33,1.63,1.05,3.79,0
2017-11-10,1.16,247.284,2.4,1.67,1.06,3.76,0
2017-11-13,1.16,247.284,2.4,1.7,1.05,3.77,0
2017-11-14,1.16,247.284,2.38,1.68,1.06,3.84,0
2017-11-15,1.16,247.284,2.33,1.68,1.08,3.97,0
2017-11-16,1.16,247.284,2.37,1.72,1.07,3.79,0
2017-11-17,1.16,247.284,2.35,1.73,1.06,3.76,0
2017-11-20,1.16,247.284,2.37,1.77,1.06,3.7,0
2017-11-21,1.16,247.284,2.36,1.77,1.05,3.66,0
2017-11-22,1.16,247.284,2.32,1.74,1.05,3.7,0
2017-11-23,1.16,247.284,2.32,1.74,1.05,3.7,0
2017-11-24,1.16,247.284,2.34,1.75,1.04,3.67,0
2017-11-27,1.16,247.284,2.32,1.74,1.04,3.66,0
2017-11-28,1.16,247.284,2.34,1.75,1.04,3.67,0
2017-11-29,1.16,247.284,2.37,1.78,1.03,3.64,0
2017-11-30,1.16,247.284,2.42,1.78,1.03,3.61,0
2017-12-01,1.3,247.805,2.37,1.78,1.03,3.63,0
2017-12-04,1.3,247.805,2.37,1.8,1.02,3.58,0
2017-12-05,1.3,247.805,2.36,1.83,1.02,3.57,0
2017-12-06,1.3,247.805,2.33,1.78,1.02,3.63,0
2017-12-07,1.3,247.805,2.37,1.8,1.02,3.63,0
2017-12-08,1.3,247.805,2.38,1.8,1.02,3.63,0
2017-12-11,1.3,247.805,2.39,1.82,1.02,3.61,0
2017-12-12,1.3,247.805,2.4,1.83,1.01,3.58,0
2017-12-13,1.3,247.805,2.36,1.79,1.01,3.64,0
2017-12-14,1.3,247.805,2.35,1.82,1.01,3.63,0
2017-12-15,1.3,247.805,2.35,1.84,1.0,3.64,0
2017-12-18,1.3,247.805,2.39,1.84,1.0,3.64,0
2017-12-19,1.3,247.805,2.46,1.87,0.99,3.6,0
2017-12-20,1.3,247.805,2.49,1.87,0.99,3.58,0
2017-12-21,1.3,247.805,2.48,1.89,0.99,3.57,0
2017-12-22,1.3,247.805,2.48,1.91,0.99,3.56,0
2017-12-25,1.3,247.805,2.48,1.91,0.99,3.56,0
2017-12-26,1.3,247.805,2.47,1.92,0.99,3.57,0
2017-12-27,1.3,247.805,2.42,1.89,0.99,3.59,0
2017-12-28,1.3,247.805,2.43,1.91,0.98,3.55,0
2017-12-29,1.3,247.805,2.4,1.89,0.98,3.58,0
2017-12-31,1.3,247.805,2.4,1.89,0.99,3.63,0
2018-01-01,1.41,248.859,2.4,1.89,0.99,3.63,0
2018-01-02,1.41,248.859,2.46,1.92,0.98,3.55,0
2018-01-03,1.41,248.859,2.44,1.94,0.99,3.48,0
2018-01-04,1.41,248.859,2.46,1.96,0.98,3.4,0
2018-01-05,1.41,248.859,2.47,1.96,0.98,3.36,0
2018-01-08,1.41,248.859,2.49,1.96,0.97,3.35,0
2018-01-09,1.41,248.859,2.55,1.98,0.96,3.33,0
2018-01-10,1.41,248.859,2.55,1.98,0.95,3.42,0
2018-01-11,1.41,248.859,2.54,1.98,0.95,3.4,0
2018-01-12,1.41,248.859,2.55,1.99,0.95,3.37,0
2018-01-15,1.41,248.859,2.55,1.99,0.94,3.35,0
2018-01-16,1.41,248.859,2.54,2.03,0.94,3.34,0
2018-01-17,1.41,248.859,2.57,2.05,0.94,3.34,0
2018-01-18,1.41,248.859,2.62,2.05,0.94,3.35,0
2018-01-19,1.41,248.859,2.64,2.06,0.95,3.35,0
2018-01-22,1.41,248.859,2.66,2.08,0.94,3.32,0
2018-01-23,1.41,248.859,2.63,2.06,0.94,3.31,0
2018-01-24,1.41,248.859,2.65,2.08,0.94,3.28,0
2018-01-25,1.41,248.859,2.63,2.08,0.93,3.28,0
2018-01-26,1.41,248.859,2.66,2.13,0.92,3.23,0
2018-01-29,1.41,248.859,2.7,2.11,0.92,3.26,0
2018-01-30,1.41,248.859,2.73,2.13,0.91,3.33,0
2018-01-31,1.41,248.859,2.72,2.14,0.91,3.29,0
2018-02-01,1.42,249.529,2.78,2.16,0.9,3.29,0
2018-02-02,1.42,249.529,2.84,2.15,0.9,3.36,0
2018-02-05,1.42,249.529,2.77,2.08,0.91,3.48,0
2018-02-06,1.42,249.529,2.79,2.1,0.93,3.6,0
2018-02-07,1.42,249.529,2.84,2.15,0.92,3.46,0
2018-02-08,1.42,249.529,2.85,2.13,0.93,3.59,0
2018-02-09,1.42,249.529,2.83,2.05,0.97,3.82,0
2018-02-12,1.42,249.529,2.86,2.09,0.97,3.71,0
2018-02-13,1.42,249.529,2.83,2.1,1.0,3.78,0
2018-02-14,1.42,249.529,2.91,2.17,0.99,3.69,0
2018-02-15,1.42,249.529,2.9,2.19,0.98,3.57,0
2018-02-16,1.42,249.529,2.87,2.21,0.98,3.5,0
2018-02-19,1.42,249.529,2.87,2.21,0.98,3.5,0
2018-02-20,1.42,249.529,2.88,2.25,0.98,3.48,0
2018-02-21,1.42,249.529,2.94,2.26,0.98,3.46,0
2018-02-22,1.42,249.529,2.92,2.25,0.99,3.53,0
2018-02-23,1.42,249.529,2.88,2.25,1.0,3.58,0
2018-02-26,1.42,249.529,2.86,2.22,1.0,3.5,0
2018-02-27,1.42,249.529,2.9,2.27,1.0,3.47,0
2018-02-28,1.42,249.529,2.87,2.25,1.01,3.47,0
2018-03-01,1.51,249.577,2.81,2.22,1.04,3.59,0
2018-03-02,1.51,249.577,2.86,2.25,1.05,3.65,0
2018-03-05,1.51,249.577,2.88,2.24,1.05,3.59,0
2018-03-06,1.51,249.577,2.88,2.25,1.04,3.53,0
2018-03-07,1.51,249.577,2.89,2.25,1.05,3.56,0
2018-03-08,1.51,249.577,2.86,2.25,1.05,3.56,0
2018-03-09,1.51,249.577,2.9,2.27,1.06,3.53,0
2018-03-12,1.51,249.577,2.87,2.27,1.07,3.55,0
2018-03-13,1.51,249.577,2.84,2.26,1.08,3.58,0
2018-03-14,1.51,249.577,2.81,2.26,1.09,3.62,0
2018-03-15,1.51,249.577,2.82,2.29,1.1,3.62,0
2018-03-16,1.51,249.577,2.85,2.31,1.1,3.6,0
2018-03-19,1.51,249.577,2.85,2.31,1.1,3.65,0
2018-03-20,1.51,249.577,2.89,2.34,1.11,3.62,0
2018-03-21,1.51,249.577,2.89,2.31,1.11,3.6,0
2018-03-22,1.51,249.577,2.83,2.29,1.14,3.7,0
2018-03-23,1.51,249.577,2.82,2.28,1.15,3.74,0
2018-03-26,1.51,249.577,2.85,2.33,1.16,3.73,0
2018-03-27,1.51,249.577,2.78,2.26,1.16,3.75,0
2018-03-28,1.51,249.577,2.77,2.28,1.16,3.77,0
2018-03-29,1.51,249.577,2.74,2.27,1.16,3.79,0
2018-03-30,1.51,249.577,2.74,2.27,1.16,3.79,0
2018-03-31,1.51,249.577,2.74,2.27,1.17,3.72,0
2018-04-01,1.69,250.227,2.74,2.27,1.17,3.72,0
2018-04-02,1.69,250.227,2.73,2.25,1.17,3.77,0
2018-04-03,1.69,250.227,2.79,2.28,1.16,3.71,0
2018-04-04,1.69,250.227,2.79,2.28,1.16,3.71,0
2018-04-05,1.69,250.227,2.83,2.3,1.14,3.59,0
2018-04-06,1.69,250.227,2.77,2.27,1.14,3.64,0
2018-04-09,1.69,250.227,2.78,2.29,1.14,3.61,0
2018-04-10,1.69,250.227,2.8,2.32,1.13,3.52,0
2018-04-11,1.69,250.227,2.79,2.32,1.13,3.5,0
2018-04-12,1.69,250.227,2.83,2.34,1.12,3.42,0
2018-04-13,1.69,250.227,2.82,2.37,1.11,3.38,0
2018-04-16,1.69,250.227,2.83,2.39,1.11,3.33,0
2018-04-17,1.69,250.227,2.82,2.41,1.1,3.29,0
2018-04-18,1.69,250.227,2.87,2.42,1.1,3.24,0
2018-04-19,1.69,250.227,2.92,2.44,1.1,3.33,0
2018-04-20,1.69,250.227,2.96,2.46,1.1,3.33,0
2018-04-23,1.69,250.227,2.98,2.49,1.11,3.36,0
2018-04-24,1.69,250.227,3.0,2.48,1.11,3.41,0
2018-04-25,1.69,250.227,3.03,2.49,1.11,3.47,0
2018-04-26,1.69,250.227,3.0,2.49,1.12,3.43,0
2018-04-27,1.69,250.227,2.96,2.49,1.12,3.44,0
2018-04-30,1.69,250.227,2.95,2.49,1.14,3.46,0
2018-05-01,1.7,250.792,2.97,2.5,1.15,3.47,0
2018-05-02,1.7,250.792,2.97,2.49,1.15,3.45,0
2018-05-03,1.7,250.792,2.94,2.49,1.16,3.5,0
2018-05-04,1.7,250.792,2.95,2.51,1.17,3.49,0
2018-05-07,1.7,250.792,2.95,2.49,1.17,3.46,0
2018-05-08,1.7,250.792,2.97,2.51,1.17,3.46,0
2018-05-09,1.7,250.792,3.0,2.54,1.17,3.43,0
2018-05-10,1.7,250.792,2.97,2.54,1.16,3.41,0
2018-05-11,1.7,250.792,2.97,2.54,1.15,3.4,0
2018-05-14,1.7,250.792,3.0,2.55,1.14,3.37,0
2018-05-15,1.7,250.792,3.08,2.58,1.14,3.36,0
2018-05-16,1.7,250.792,3.09,2.58,1.14,3.37,0
2018-05-17,1.7,250.792,3.11,2.57,1.14,3.36,0
2018-05-18,1.7,250.792,3.06,2.55,1.14,3.41,0
2018-05-21,1.7,250.792,3.06,2.58,1.14,3.4,0
2018-05-22,1.7,250.792,3.06,2.59,1.14,3.39,0
2018-05-23,1.7,250.792,3.01,2.53,1.15,3.48,0
2018-05-24,1.7,250.792,2.98,2.5,1.15,3.49,0
2018-05-25,1.7,250.792,2.93,2.48,1.16,3.53,0
2018-05-28,1.7,250.792,2.93,2.48,1.16,3.53,0
2018-05-29,1.7,250.792,2.77,2.32,1.2,3.75,0
2018-05-30,1.7,250.792,2.84,2.42,1.2,3.64,0
2018-05-31,1.7,250.792,2.83,2.4,1.22,3.63,0
2018-06-01,1.82,251.018,2.89,2.47,1.21,3.55,0
2018-06-04,1.82,251.018,2.94,2.52,1.2,3.49,0
2018-06-05,1.82,251.018,2.92,2.49,1.21,3.5,0
2018-06-06,1.82,251.018,2.97,2.52,1.21,3.44,0
2018-06-07,1.82,251.018,2.93,2.5,1.21,3.44,0
2018-06-08,1.82,251.018,2.93,2.5,1.22,3.45,0
2018-06-11,1.82,251.018,2.96,2.52,1.22,3.39,0
2018-06-12,1.82,251.018,2.96,2.54,1.22,3.38,0
2018-06-13,1.82,251.018,2.98,2.59,1.21,3.33,0
2018-06-14,1.82,251.018,2.94,2.59,1.21,3.31,0
2018-06-15,1.82,251.018,2.93,2.55,1.21,3.33,0
2018-06-18,1.82,251.018,2.92,2.56,1.22,3.34,0
2018-06-19,1.82,251.018,2.89,2.54,1.24,3.4,0
2018-06-20,1.82,251.018,2.93,2.56,1.24,3.34,0
2018-06-21,1.82,251.018,2.9,2.56,1.27,3.39,0
2018-06-22,1.82,251.018,2.9,2.56,1.27,3.39,0
2018-06-25,1.82,251.018,2.87,2.54,1.29,3.47,0
2018-06-26,1.82,251.018,2.88,2.53,1.29,3.48,0
2018-06-27,1.82,251.018,2.83,2.52,1.29,3.56,0
2018-06-28,1.82,251.018,2.84,2.52,1.3,3.64,0
2018-06-29,1.82,251.018,2.85,2.52,1.29,3.61,0
2018-06-30,1.82,251.018,2.85,2.52,1.3,3.71,0
2018-07-01,1.91,251.214,2.85,2.52,1.3,3.71,0
2018-07-02,1.91,251.214,2.87,2.57,1.3,3.78,0
2018-07-03,1.91,251.214,2.83,2.53,1.3,3.77,0
2018-07-04,1.91,251.214,2.83,2.53,1.3,3.77,0
2018-07-05,1.91,251.214,2.84,2.55,1.29,3.74,0
2018-07-06,1.91,251.214,2.82,2.53,1.28,3.74,0
2018-07-09,1.91,251.214,2.86,2.57,1.27,3.65,0
2018-07-10,1.91,251.214,2.87,2.59,1.25,3.59,0
2018-07-11,1.91,251.214,2.85,2.58,1.25,3.66,0
2018-07-12,1.91,251.214,2.85,2.6,1.25,3.61,0
2018-07-13,1.91,251.214,2.83,2.59,1.24,3.62,0
2018-07-16,1.91,251.214,2.85,2.59,1.23,3.59,0
2018-07-17,1.91,251.214,2.86,2.62,1.23,3.58,0
2018-07-18,1.91,251.214,2.88,2.6,1.23,3.56,0
2018-07-19,1.91,251.214,2.84,2.6,1.23,3.59,0
2018-07-20,1.91,251.214,2.89,2.6,1.22,3.55,0
2018-07-23,1.91,251.214,2.96,2.64,1.21,3.5,0
2018-07-24,1.91,251.214,2.95,2.63,1.2,3.47,0
2018-07-25,1.91,251.214,2.94,2.66,1.19,3.48,0
2018-07-26,1.91,251.214,2.98,2.69,1.17,3.42,0
2018-07-27,1.91,251.214,2.96,2.67,1.16,3.42,0
2018-07-30,1.91,251.214,2.98,2.66,1.16,3.43,0
2018-07-31,1.91,251.214,2.96,2.67,1.16,3.46,0
2018-08-01,1.91,251.663,3.0,2.67,1.16,3.43,0
2018-08-02,1.91,251.663,2.98,2.66,1.16,3.43,0
2018-08-03,1.91,251.663,2.95,2.63,1.15,3.43,0
2018-08-06,1.91,251.663,2.94,2.64,1.15,3.43,0
2018-08-07,1.91,251.663,2.98,2.68,1.14,3.35,0
2018-08-08,1.91,251.663,2.96,2.68,1.15,3.37,0
2018-08-09,1.91,251.663,2.93,2.64,1.16,3.38,0
2018-08-10,1.91,251.663,2.87,2.61,1.18,3.5,0
2018-08-13,1.91,251.663,2.88,2.61,1.19,3.52,0
2018-08-14,1.91,251.663,2.89,2.63,1.19,3.48,0
2018-08-15,1.91,251.663,2.86,2.61,1.2,3.55,0
2018-08-16,1.91,251.663,2.87,2.63,1.19,3.49,0
2018-08-17,1.91,251.663,2.87,2.61,1.18,3.49,0
2018-08-20,1.91,251.663,2.82,2.6,1.19,3.52,0
2018-08-21,1.91,251.663,2.85,2.61,1.18,3.48,0
2018-08-22,1.91,251.663,2.82,2.6,1.19,3.48,0
2018-08-23,1.91,251.663,2.82,2.61,1.19,3.47,0
2018-08-24,1.91,251.663,2.82,2.63,1.19,3.46,0
2018-08-27,1.91,251.663,2.85,2.67,1.19,3.43,0
2018-08-28,1.91,251.663,2.88,2.67,1.18,3.4,0
2018-08-29,1.91,251.663,2.89,2.67,1.18,3.39,0
2018-08-30,1.91,251.663,2.86,2.64,1.19,3.44,0
2018-08-31,1.91,251.663,2.86,2.62,1.21,3.49,0
2018-09-01,1.95,252.182,2.86,2.62,1.21,3.49,0
2018-09-03,1.95,252.182,2.86,2.62,1.21,3.49,0
2018-09-04,1.95,252.182,2.9,2.66,1.21,3.46,0
2018-09-05,1.95,252.182,2.9,2.66,1.21,3.49,0
2018-09-06,1.95,252.182,2.88,2.64,1.21,3.52,0
2018-09-07,1.95,252.182,2.94,2.71,1.2,3.48,0
2018-09-10,1.95,252.182,2.94,2.73,1.2,3.46,0
2018-09-11,1.95,252.182,2.98,2.76,1.19,3.4,0
2018-09-12,1.95,252.182,2.97,2.74,1.18,3.38,0
2018-09-13,1.95,252.182,2.97,2.76,1.17,3.35,0
2018-09-14,1.95,252.182,2.99,2.78,1.16,3.29,0
2018-09-17,1.95,252.182,2.99,2.78,1.15,3.29,0
2018-09-18,1.95,252.182,3.05,2.81,1.15,3.24,0
2018-09-19,1.95,252.182,3.08,2.81,1.14,3.24,0
2018-09-20,1.95,252.182,3.07,2.81,1.13,3.25,0
2018-09-21,1.95,252.182,3.07,2.81,1.13,3.25,0
2018-09-24,1.95,252.182,3.08,2.83,1.13,3.28,0
2018-09-25,1.95,252.182,3.1,2.83,1.12,3.26,0
2018-09-26,1.95,252.182,3.06,2.83,1.12,3.27,0
2018-09-27,1.95,252.182,3.06,2.83,1.12,3.25,0
2018-09-28,1.95,252.182,3.05,2.81,1.11,3.24,0
2018-09-30,1.95,252.182,3.05,2.81,1.13,3.28,0
2018-10-01,2.19,252.772,3.09,2.82,1.13,3.22,0
2018-10-02,2.19,252.772,3.05,2.82,1.13,3.22,0
2018-10-03,2.19,252.772,3.15,2.85,1.11,3.16,0
2018-10-04,2.19,252.772,3.19,2.87,1.12,3.29,0
2018-10-05,2.19,252.772,3.23,2.88,1.13,3.32,0
2018-10-08,2.19,252.772,3.23,2.88,1.13,3.32,0
2018-10-09,2.19,252.772,3.21,2.88,1.13,3.41,0
2018-10-10,2.19,252.772,3.22,2.88,1.13,3.51,0
2018-10-11,2.19,252.772,3.14,2.85,1.16,3.58,0
2018-10-12,2.19,252.772,3.15,2.85,1.16,3.54,0
2018-10-15,2.19,252.772,3.16,2.85,1.15,3.49,0
2018-10-16,2.19,252.772,3.16,2.87,1.16,3.45,0
2018-10-17,2.19,252.772,3.19,2.89,1.16,3.45,0
2018-10-18,2.19,252.772,3.17,2.87,1.17,3.51,0
2018-10-19,2.19,252.772,3.2,2.92,1.17,3.51,0
2018-10-22,2.19,252.772,3.2,2.92,1.18,3.52,0
2018-10-23,2.19,252.772,3.17,2.89,1.2,3.65,0
2018-10-24,2.19,252.772,3.1,2.84,1.19,3.68,0
2018-10-25,2.19,252.772,3.14,2.86,1.22,3.72,0
2018-10-26,2.19,252.772,3.08,2.81,1.23,3.85,0
2018-10-29,2.19,252.772,3.08,2.81,1.23,3.84,0
2018-10-30,2.19,252.772,3.12,2.84,1.25,3.89,0
2018-10-31,2.19,252.772,3.15,2.87,1.25,3.81,0
2018-11-01,2.2,252.594,3.14,2.84,1.26,3.81,0
2018-11-02,2.2,252.594,3.22,2.91,1.24,3.72,0
2018-11-05,2.2,252.594,3.2,2.91,1.25,3.72,0
2018-11-06,2.2,252.594,3.22,2.93,1.23,3.68,0
2018-11-07,2.2,252.594,3.22,2.96,1.22,3.6,0
2018-11-08,2.2,252.594,3.24,2.98,1.22,3.57,0
2018-11-09,2.2,252.594,3.19,2.94,1.23,3.71,0
2018-11-12,2.2,252.594,3.19,2.94,1.23,3.71,0
2018-11-13,2.2,252.594,3.14,2.89,1.26,3.89,0
2018-11-14,2.2,252.594,3.12,2.86,1.29,3.99,0
2018-11-15,2.2,252.594,3.11,2.86,1.33,4.11,0
2018-11-16,2.2,252.594,3.08,2.81,1.34,4.18,0
2018-11-19,2.2,252.594,3.06,2.79,1.36,4.25,0
2018-11-20,2.2,252.594,3.06,2.79,1.39,4.33,0
2018-11-21,2.2,252.594,3.06,2.81,1.38,4.24,0
2018-11-22,2.2,252.594,3.06,2.81,1.38,4.25,0
2018-11-23,2.2,252.594,3.05,2.81,1.38,4.29,0
2018-11-26,2.2,252.594,3.07,2.84,1.38,4.26,0
2018-11-27,2.2,252.594,3.06,2.83,1.4,4.31,0
2018-11-28,2.2,252.594,3.06,2.81,1.41,4.25,0
2018-11-29,2.2,252.594,3.03,2.81,1.42,4.22,0
2018-11-30,2.2,252.594,3.01,2.8,1.45,4.29,0
2018-12-01,2.27,252.767,3.01,2.8,1.45,4.29,0
2018-12-03,2.27,252.767,2.98,2.83,1.44,4.2,0
2018-12-04,2.27,252.767,2.91,2.8,1.46,4.29,0
2018-12-05,2.27,252.767,2.91,2.8,1.46,4.29,0
2018-12-06,2.27,252.767,2.87,2.75,1.51,4.5,0
2018-12-07,2.27,252.767,2.85,2.72,1.51,4.5,0
2018-12-10,2.27,252.767,2.85,2.72,1.52,4.56,0
2018-12-11,2.27,252.767,2.89,2.78,1.51,4.48,0
2018-12-12,2.27,252.767,2.91,2.77,1.5,4.4,0
2018-12-13,2.27,252.767,2.91,2.75,1.48,4.39,0
2018-12-14,2.27,252.767,2.89,2.73,1.48,4.46,0
2018-12-17,2.27,252.767,2.86,2.7,1.48,4.58,0
2018-12-18,2.27,252.767,2.82,2.65,1.49,4.72,0
2018-12-19,2.27,252.767,2.77,2.63,1.49,4.84,0
2018-12-20,2.27,252.767,2.79,2.67,1.52,5.11,0
2018-12-21,2.27,252.767,2.79,2.63,1.54,5.22,0
2018-12-24,2.27,252.767,2.74,2.55,1.55,5.35,0
2018-12-25,2.27,252.767,2.74,2.55,1.55,5.35,0
2018-12-26,2.27,252.767,2.81,2.61,1.56,5.37,0
2018-12-27,2.27,252.767,2.77,2.56,1.57,5.38,0
2018-12-28,2.27,252.767,2.72,2.52,1.58,5.3,0
2018-12-31,2.27,252.767,2.69,2.48,1.59,5.33,0
2019-01-01,2.4,252.561,2.69,2.48,1.59,5.33,0
2019-01-02,2.4,252.561,2.66,2.5,1.6,5.35,0
2019-01-03,2.4,252.561,2.56,2.39,1.63,5.44,0
2019-01-04,2.4,252.561,2.67,2.5,1.62,5.05,0
2019-01-07,2.4,252.561,2.7,2.53,1.6,4.83,0
2019-01-08,2.4,252.561,2.73,2.58,1.58,4.65,0
2019-01-09,2.4,252.561,2.74,2.56,1.56,4.52,0
2019-01-10,2.4,252.561,2.74,2.56,1.55,4.54,0
2019-01-11,2.4,252.561,2.71,2.55,1.54,4.55,0
2019-01-14,2.4,252.561,2.71,2.53,1.54,4.6,0
2019-01-15,2.4,252.561,2.72,2.53,1.54,4.55,0
2019-01-16,2.4,252.561,2.73,2.55,1.52,4.44,0
2019-01-17,2.4,252.561,2.75,2.56,1.5,4.4,0
2019-01-18,2.4,252.561,2.79,2.62,1.46,4.27,0
2019-01-21,2.4,252.561,2.79,2.62,1.46,4.27,0
2019-01-22,2.4,252.561,2.74,2.58,1.46,4.41,0
2019-01-23,2.4,252.561,2.76,2.58,1.44,4.39,0
2019-01-24,2.4,252.561,2.72,2.56,1.43,4.45,0
2019-01-25,2.4,252.561,2.76,2.6,1.4,4.34,0
2019-01-28,2.4,252.561,2.75,2.6,1.4,4.41,0
2019-01-29,2.4,252.561,2.72,2.56,1.39,4.4,0
2019-01-30,2.4,252.561,2.7,2.52,1.39,4.36,0
2019-01-31,2.4,252.561,2.63,2.45,1.38,4.37,0
2019-02-01,2.4,253.319,2.7,2.52,1.36,4.29,0
2019-02-04,2.4,253.319,2.73,2.53,1.34,4.25,0
2019-02-05,2.4,253.319,2.71,2.53,1.33,4.15,0
2019-02-06,2.4,253.319,2.7,2.52,1.32,4.13,0
2019-02-07,2.4,253.319,2.65,2.48,1.34,4.29,0
2019-02-08,2.4,253.319,2.63,2.45,1.34,4.32,0
2019-02-11,2.4,253.319,2.65,2.48,1.34,4.28,0
2019-02-12,2.4,253.319,2.68,2.5,1.33,4.17,0
2019-02-13,2.4,253.319,2.71,2.53,1.32,4.12,0
2019-02-14,2.4,253.319,2.66,2.5,1.33,4.17,0
2019-02-15,2.4,253.319,2.66,2.52,1.32,4.12,0
2019-02-18,2.4,253.319,2.66,2.52,1.32,4.12,0
2019-02-19,2.4,253.319,2.65,2.5,1.32,4.11,0
2019-02-20,2.4,253.319,2.65,2.5,1.32,4.08,0
2019-02-21,2.4,253.319,2.69,2.53,1.32,4.04,0
2019-02-22,2.4,253.319,2.65,2.48,1.32,4.05,0
2019-02-25,2.4,253.319,2.67,2.51,1.31,4.0,0
2019-02-26,2.4,253.319,2.64,2.48,1.31,4.01,0
2019-02-27,2.4,253.319,2.69,2.5,1.3,3.94,0
2019-02-28,2.4,253.319,2.73,2.52,1.29,3.92,0
2019-03-01,2.41,254.277,2.76,2.55,1.28,3.86,0
2019-03-04,2.41,254.277,2.72,2.55,1.27,3.9,0
2019-03-05,2.41,254.277,2.72,2.55,1.27,3.91,0
2019-03-06,2.41,254.277,2.69,2.52,1.28,3.98,0
2019-03-07,2.41,254.277,2.64,2.47,1.29,4.1,0
2019-03-08,2.41,254.277,2.62,2.45,1.29,4.18,0
2019-03-11,2.41,254.277,2.64,2.47,1.29,4.12,0
2019-03-12,2.41,254.277,2.61,2.45,1.28,4.08,0
2019-03-13,2.41,254.277,2.61,2.45,1.28,3.99,0
2019-03-14,2.41,254.277,2.63,2.46,1.27,3.95,0
2019-03-15,2.41,254.277,2.59,2.43,1.26,3.95,0
2019-03-18,2.41,254.277,2.6,2.45,1.26,3.95,0
2019-03-19,2.41,254.277,2.61,2.46,1.25,3.91,0
2019-03-20,2.41,254.277,2.54,2.4,1.26,3.97,0
2019-03-21,2.41,254.277,2.54,2.41,1.25,3.92,0
2019-03-22,2.41,254.277,2.44,2.31,1.25,4.03,0
2019-03-25,2.41,254.277,2.43,2.26,1.25,4.13,0
2019-03-26,2.41,254.277,2.41,2.24,1.25,4.09,0
2019-03-27,2.41,254.277,2.39,2.22,1.25,4.09,0
2019-03-28,2.41,254.277,2.39,2.23,1.25,4.08,0
2019-03-29,2.41,254.277,2.41,2.27,1.25,3.99,0
2019-03-31,2.41,254.277,2.41,2.27,1.27,4.05,0
2019-04-01,2.42,255.233,2.49,2.33,1.25,3.94,0
2019-04-02,2.42,255.233,2.48,2.3,1.25,3.95,0
2019-04-03,2.42,255.233,2.52,2.33,1.24,3.9,0
2019-04-04,2.42,255.233,2.51,2.33,1.24,3.9,0
2019-04-05,2.42,255.233,2.5,2.35,1.23,3.86,0
2019-04-08,2.42,255.233,2.52,2.36,1.22,3.84,0
2019-04-09,2.42,255.233,2.51,2.35,1.22,3.86,0
2019-04-10,2.42,255.233,2.48,2.31,1.21,3.86,0
2019-04-11,2.42,255.233,2.51,2.35,1.2,3.79,0
2019-04-12,2.42,255.233,2.56,2.4,1.18,3.68,0
2019-04-15,2.42,255.233,2.55,2.4,1.17,3.68,0
2019-04-16,2.42,255.233,2.6,2.41,1.16,3.64,0
2019-04-17,2.42,255.233,2.59,2.4,1.16,3.67,0
2019-04-18,2.42,255.233,2.57,2.38,1.17,3.73,0
2019-04-19,2.42,255.233,2.57,2.38,1.17,3.73,0
2019-04-22,2.42,255.233,2.59,2.38,1.17,3.73,0
2019-04-23,2.42,255.233,2.57,2.36,1.17,3.72,0
2019-04-24,2.42,255.233,2.53,2.32,1.17,3.73,0
2019-04-25,2.42,255.233,2.54,2.33,1.17,3.75,0
2019-04-26,2.42,255.233,2.51,2.28,1.17,3.76,0
2019-04-29,2.42,255.233,2.54,2.3,1.16,3.73,0
2019-04-30,2.42,255.233,2.51,2.27,1.17,3.73,0
2019-05-01,2.39,255.296,2.52,2.31,1.17,3.71,0
2019-05-02,2.39,255.296,2.55,2.35,1.18,3.74,0
2019-05-03,2.39,255.296,2.54,2.33,1.18,3.72,0
2019-05-06,2.39,255.296,2.51,2.31,1.18,3.82,0
2019-05-07,2.39,255.296,2.45,2.28,1.19,3.89,0
2019-05-08,2.39,255.296,2.49,2.3,1.2,3.87,0
2019-05-09,2.39,255.296,2.45,2.26,1.22,3.99,0
2019-05-10,2.39,255.296,2.47,2.26,1.22,4.01,0
2019-05-13,2.39,255.296,2.4,2.18,1.24,4.2,0
2019-05-14,2.39,255.296,2.42,2.2,1.24,4.13,0
2019-05-15,2.39,255.296,2.37,2.16,1.24,4.17,0
2019-05-16,2.39,255.296,2.4,2.2,1.24,4.06,0
2019-05-17,2.39,255.296,2.39,2.2,1.24,4.07,0
2019-05-20,2.39,255.296,2.41,2.21,1.24,4.06,0
2019-05-21,2.39,255.296,2.43,2.26,1.24,3.99,0
2019-05-22,2.39,255.296,2.39,2.23,1.25,4.03,0
2019-05-23,2.39,255.296,2.31,2.12,1.28,4.22,0
2019-05-24,2.39,255.296,2.32,2.16,1.27,4.16,0
2019-05-27,2.39,255.296,2.32,2.16,1.27,4.16,0
2019-05-28,2.39,255.296,2.26,2.12,1.29,4.19,0
2019-05-29,2.39,255.296,2.25,2.09,1.32,4.36,0
2019-05-30,2.39,255.296,2.22,2.06,1.31,4.33,0
2019-05-31,2.39,255.296,2.14,1.95,1.35,4.59,0
2019-06-01,2.38,255.213,2.14,1.95,1.35,4.59,0
2019-06-03,2.38,255.213,2.07,1.82,1.36,4.7,0
2019-06-04,2.38,255.213,2.12,1.88,1.35,4.53,0
2019-06-05,2.38,255.213,2.12,1.83,1.34,4.48,0
2019-06-06,2.38,255.213,2.12,1.88,1.34,4.42,0
2019-06-07,2.38,255.213,2.09,1.85,1.34,4.37,0
2019-06-10,2.38,255.213,2.15,1.9,1.32,4.23,0
2019-06-11,2.38,255.213,2.15,1.93,1.32,4.2,0
2019-06-12,2.38,255.213,2.13,1.88,1.32,4.22,0
2019-06-13,2.38,255.213,2.1,1.83,1.32,4.24,0
2019-06-14,2.38,255.213,2.09,1.84,1.32,4.23,0
2019-06-17,2.38,255.213,2.09,1.86,1.32,4.23,0
2019-06-18,2.38,255.213,2.06,1.86,1.3,4.14,0
2019-06-19,2.38,255.213,2.03,1.74,1.3,4.16,0
2019-06-20,2.38,255.213,2.01,1.72,1.28,4.03,0
2019-06-21,2.38,255.213,2.07,1.77,1.25,3.95,0
2019-06-24,2.38,255.213,2.02,1.72,1.23,4.0,0
2019-06-25,2.38,255.213,2.0,1.71,1.24,4.09,0
2019-06-26,2.38,255.213,2.05,1.77,1.23,4.05,0
2019-06-27,2.38,255.213,2.01,1.74,1.23,4.09,0
2019-06-28,2.38,255.213,2.0,1.75,1.22,4.07,0
2019-06-30,2.38,255.213,2.0,1.75,1.22,4.07,0
2019-07-01,2.4,255.802,2.03,1.78,1.21,3.99,0
2019-07-02,2.4,255.802,1.98,1.77,1.2,4.04,0
2019-07-03,2.4,255.802,1.96,1.77,1.2,4.02,0
2019-07-04,2.4,255.802,1.96,1.77,1.2,4.02,0
2019-07-05,2.4,255.802,2.04,1.87,1.19,3.98,0
2019-07-08,2.4,255.802,2.05,1.88,1.19,4.0,0
2019-07-09,2.4,255.802,2.07,1.92,1.2,4.03,0
2019-07-10,2.4,255.802,2.07,1.82,1.2,4.01,0
2019-07-11,2.4,255.802,2.13,1.85,1.19,4.0,0
2019-07-12,2.4,255.802,2.12,1.84,1.18,4.02,0
2019-07-15,2.4,255.802,2.09,1.83,1.18,4.0,0
2019-07-16,2.4,255.802,2.13,1.87,1.18,3.96,0
2019-07-17,2.4,255.802,2.06,1.83,1.18,4.01,0
2019-07-18,2.4,255.802,2.04,1.77,1.19,4.11,0
2019-07-19,2.4,255.802,2.05,1.8,1.18,4.07,0
2019-07-22,2.4,255.802,2.05,1.8,1.17,4.06,0
2019-07-23,2.4,255.802,2.08,1.83,1.16,3.99,0
2019-07-24,2.4,255.802,2.05,1.83,1.16,3.98,0
2019-07-25,2.4,255.802,2.08,1.86,1.15,3.93,0
2019-07-26,2.4,255.802,2.08,1.86,1.14,3.89,0
2019-07-29,2.4,255.802,2.06,1.85,1.13,3.93,0
2019-07-30,2.4,255.802,2.06,1.85,1.14,3.97,0
2019-07-31,2.4,255.802,2.02,1.89,1.14,3.93,0
2019-08-01,2.13,256.036,1.9,1.73,1.17,4.1,0
2019-08-02,2.13,256.036,1.86,1.72,1.19,4.19,0
2019-08-05,2.13,256.036,1.75,1.59,1.24,4.53,0
2019-08-06,2.13,256.036,1.73,1.6,1.25,4.46,0
2019-08-07,2.13,256.036,1.71,1.59,1.27,4.52,0
2019-08-08,2.13,256.036,1.72,1.62,1.26,4.31,0
2019-08-09,2.13,256.036,1.74,1.63,1.26,4.31,0
2019-08-12,2.13,256.036,1.65,1.58,1.27,4.4,0
2019-08-13,2.13,256.036,1.68,1.66,1.26,4.25,0
2019-08-14,2.13,256.036,1.59,1.58,1.29,4.49,0
2019-08-15,2.13,256.036,1.52,1.48,1.31,4.52,0
2019-08-16,2.13,256.036,1.55,1.48,1.31,4.47,0
2019-08-19,2.13,256.036,1.6,1.53,1.29,4.36,0
2019-08-20,2.13,256.036,1.55,1.5,1.28,4.35,0
2019-08-21,2.13,256.036,1.59,1.56,1.26,4.21,0
2019-08-22,2.13,256.036,1.62,1.61,1.25,4.16,0
2019-08-23,2.13,256.036,1.52,1.51,1.25,4.25,0
2019-08-26,2.13,256.036,1.54,1.54,1.25,4.22,0
2019-08-27,2.13,256.036,1.49,1.53,1.25,4.19,1
2019-08-28,2.13,256.036,1.47,1.5,1.26,4.17,1
2019-08-29,2.13,256.036,1.5,1.53,1.26,4.08,1
2019-08-30,2.13,256.036,1.5,1.5,1.25,4.09,0
2019-08-31,2.13,256.036,1.5,1.5,1.26,4.13,0
2019-09-01,2.04,256.43,1.5,1.5,1.26,4.13,0
2019-09-02,2.04,256.43,1.5,1.5,1.26,4.13,0
2019-09-03,2.04,256.43,1.47,1.47,1.27,4.23,0
2019-09-04,2.04,256.43,1.47,1.43,1.27,4.23,0
2019-09-05,2.04,256.43,1.57,1.55,1.26,4.07,0
2019-09-06,2.04,256.43,1.55,1.53,1.26,4.05,0
2019-09-09,2.04,256.43,1.63,1.58,1.25,3.99,0
2019-09-10,2.04,256.43,1.72,1.67,1.25,3.9,0
2019-09-11,2.04,256.43,1.75,1.68,1.24,3.92,0
2019-09-12,2.04,256.43,1.79,1.72,1.22,3.85,0
2019-09-13,2.04,256.43,1.9,1.79,1.21,3.83,0
2019-09-16,2.04,256.43,1.84,1.74,1.21,3.8,0
2019-09-17,2.04,256.43,1.81,1.72,1.21,3.81,0
2019-09-18,2.04,256.43,1.8,1.77,1.2,3.82,0
2019-09-19,2.04,256.43,1.79,1.74,1.19,3.77,0
2019-09-20,2.04,256.43,1.74,1.69,1.19,3.81,0
2019-09-23,2.04,256.43,1.72,1.68,1.19,3.84,0
2019-09-24,2.04,256.43,1.64,1.6,1.2,3.9,0
2019-09-25,2.04,256.43,1.73,1.68,1.2,3.91,0
2019-09-26,2.04,256.43,1.7,1.66,1.2,3.95,0
2019-09-27,2.04,256.43,1.69,1.63,1.21,3.99,0
2019-09-30,2.04,256.43,1.68,1.63,1.22,4.02,0
2019-10-01,1.83,257.155,1.65,1.56,1.22,4.08,0
2019-10-02,1.83,257.155,1.6,1.48,1.25,4.28,0
2019-10-03,1.83,257.155,1.54,1.39,1.26,4.4,0
2019-10-04,1.83,257.155,1.52,1.4,1.26,4.38,0
2019-10-07,1.83,257.155,1.56,1.46,1.25,4.31,0
2019-10-08,1.83,257.155,1.54,1.42,1.26,4.39,0
2019-10-09,1.83,257.155,1.59,1.47,1.25,4.32,0
2019-10-10,1.83,257.155,1.67,1.53,1.25,4.26,0
2019-10-11,1.83,257.155,1.76,1.63,1.22,4.1,0
2019-10-14,1.83,257.155,1.76,1.63,1.22,4.08,0
2019-10-15,1.83,257.155,1.77,1.61,1.2,4.01,0
2019-10-16,1.83,257.155,1.75,1.58,1.2,4.01,0
2019-10-17,1.83,257.155,1.76,1.6,1.19,4.0,0
2019-10-18,1.83,257.155,1.76,1.58,1.18,4.02,0
2019-10-21,1.83,257.155,1.8,1.62,1.17,3.98,0
2019-10-22,1.83,257.155,1.78,1.6,1.16,3.99,0
2019-10-23,1.83,257.155,1.77,1.58,1.17,3.98,0
2019-10-24,1.83,257.155,1.77,1.58,1.16,3.96,0
2019-10-25,1.83,257.155,1.8,1.63,1.14,3.89,0
2019-10-28,1.83,257.155,1.85,1.64,1.13,3.85,0
2019-10-29,1.83,257.155,1.84,1.64,1.13,3.86,0
2019-10-30,1.83,257.155,1.78,1.61,1.14,3.96,0
2019-10-31,1.83,257.155,1.69,1.52,1.17,4.15,0
2019-11-01,1.55,257.879,1.73,1.56,1.16,4.09,0
2019-11-04,1.55,257.879,1.79,1.6,1.15,3.99,0
2019-11-05,1.55,257.879,1.86,1.63,1.13,3.97,0
2019-11-06,1.55,257.879,1.81,1.61,1.13,4.02,0
2019-11-07,1.55,257.879,1.92,1.68,1.11,3.96,0
2019-11-08,1.55,257.879,1.94,1.68,1.11,4.0,0
2019-11-11,1.55,257.879,1.94,1.68,1.11,3.99,0
2019-11-12,1.55,257.879,1.92,1.66,1.11,4.0,0
2019-11-13,1.55,257.879,1.88,1.63,1.12,4.05,0
2019-11-14,1.55,257.879,1.82,1.58,1.13,4.08,0
2019-11-15,1.55,257.879,1.84,1.61,1.12,4.06,0
2019-11-18,1.55,257.879,1.81,1.6,1.12,4.09,0
2019-11-19,1.55,257.879,1.79,1.6,1.12,4.12,0
2019-11-20,1.55,257.879,1.73,1.56,1.13,4.18,0
2019-11-21,1.55,257.879,1.77,1.6,1.14,4.17,0
2019-11-22,1.55,257.879,1.77,1.61,1.13,4.13,0
2019-11-25,1.55,257.879,1.76,1.61,1.12,4.08,0
2019-11-26,1.55,257.879,1.74,1.58,1.12,4.05,0
2019-11-27,1.55,257.879,1.77,1.63,1.11,3.99,0
2019-11-28,1.55,257.879,1.77,1.63,1.11,3.99,0
2019-11-29,1.55,257.879,1.78,1.61,1.11,4.01,0
2019-11-30,1.55,257.879,1.78,1.61,1.11,4.02,0
2019-12-01,1.55,258.63,1.78,1.61,1.11,4.02,0
2019-12-02,1.55,258.63,1.83,1.61,1.11,4.03,0
2019-12-03,1.55,258.63,1.72,1.53,1.13,4.14,0
2019-12-04,1.55,258.63,1.77,1.58,1.11,4.02,0
2019-12-05,1.55,258.63,1.8,1.58,1.1,4.0,0
2019-12-06,1.55,258.63,1.84,1.61,1.09,3.89,0
2019-12-09,1.55,258.63,1.83,1.63,1.08,3.88,0
2019-12-10,1.55,258.63,1.85,1.65,1.07,3.84,0
2019-12-11,1.55,258.63,1.79,1.61,1.07,3.83,0
2019-12-12,1.55,258.63,1.9,1.66,1.06,3.7,0
2019-12-13,1.55,258.63,1.82,1.61,1.05,3.71,0
2019-12-16,1.55,258.63,1.89,1.65,1.04,3.62,0
2019-12-17,1.55,258.63,1.89,1.63,1.03,3.58,0
2019-12-18,1.55,258.63,1.92,1.63,1.02,3.51,0
2019-12-19,1.55,258.63,1.92,1.62,1.01,3.54,0
2019-12-20,1.55,258.63,1.92,1.63,1.01,3.53,0
2019-12-23,1.55,258.63,1.93,1.64,1.01,3.52,0
2019-12-24,1.55,258.63,1.9,1.62,1.0,3.53,0
2019-12-25,1.55,258.63,1.9,1.62,1.0,3.53,0
2019-12-26,1.55,258.63,1.9,1.64,1.0,3.53,0
2019-12-27,1.55,258.63,1.88,1.59,1.0,3.56,0
2019-12-30,1.55,258.63,1.9,1.58,1.0,3.6,0
2019-12-31,1.55,258.63,1.92,1.58,1.01,3.6,0
2020-01-01,1.55,259.127,1.92,1.58,1.01,3.6,0
2020-01-02,1.55,259.127,1.88,1.58,1.01,3.56,0
2020-01-03,1.55,259.127,1.8,1.53,1.03,3.61,0
2020-01-06,1.55,259.127,1.81,1.54,1.03,3.57,0
2020-01-07,1.55,259.127,1.83,1.54,1.04,3.54,0
2020-01-08,1.55,259.127,1.87,1.58,1.03,3.5,0
2020-01-09,1.55,259.127,1.85,1.58,1.02,3.49,0
2020-01-10,1.55,259.127,1.83,1.56,1.01,3.48,0
2020-01-13,1.55,259.127,1.85,1.58,1.01,3.48,0
2020-01-14,1.55,259.127,1.82,1.58,1.02,3.45,0
2020-01-15,1.55,259.127,1.79,1.56,1.02,3.44,0
2020-01-16,1.55,259.127,1.81,1.58,1.01,3.42,0
2020-01-17,1.55,259.127,1.84,1.58,0.99,3.39,0
2020-01-20,1.55,259.127,1.84,1.58,0.99,3.38,0
2020-01-21,1.55,259.127,1.78,1.53,0.99,3.47,0
2020-01-22,1.55,259.127,1.77,1.53,0.99,3.49,0
2020-01-23,1.55,259.127,1.74,1.51,1.0,3.58,0
2020-01-24,1.55,259.127,1.7,1.49,1.01,3.68,0
2020-01-27,1.55,259.127,1.61,1.44,1.04,4.03,0
2020-01-28,1.55,259.127,1.65,1.45,1.04,3.86,0
2020-01-29,1.55,259.127,1.6,1.42,1.04,3.83,0
2020-01-30,1.55,259.127,1.57,1.41,1.06,3.95,0
2020-01-31,1.55,259.127,1.51,1.33,1.09,4.03,0
2020-02-01,1.58,259.25,1.51,1.33,1.09,4.03,0
2020-02-03,1.58,259.25,1.54,1.36,1.08,3.97,0
2020-02-04,1.58,259.25,1.61,1.41,1.06,3.85,0
2020-02-05,1.58,259.25,1.66,1.44,1.05,3.75,0
2020-02-06,1.58,259.25,1.65,1.44,1.03,3.7,0
2020-02-07,1.58,259.25,1.59,1.41,1.04,3.75,0
2020-02-10,1.58,259.25,1.56,1.37,1.04,3.75,0
2020-02-11,1.58,259.25,1.59,1.41,1.04,3.65,0
2020-02-12,1.58,259.25,1.62,1.44,1.02,3.59,0
2020-02-13,1.58,259.25,1.61,1.44,1.02,3.57,0
2020-02-14,1.58,259.25,1.59,1.42,1.02,3.56,0
2020-02-17,1.58,259.25,1.59,1.42,1.02,3.56,0
2020-02-18,1.58,259.25,1.55,1.41,1.02,3.61,0
2020-02-19,1.58,259.25,1.56,1.42,1.02,3.57,0
2020-02-20,1.58,259.25,1.52,1.39,1.04,3.62,0
2020-02-21,1.58,259.25,1.46,1.34,1.05,3.66,0
2020-02-24,1.58,259.25,1.38,1.26,1.1,4.03,0
2020-02-25,1.58,259.25,1.33,1.2,1.13,4.18,0
2020-02-26,1.58,259.25,1.33,1.16,1.15,4.27,0
2020-02-27,1.58,259.25,1.3,1.11,1.21,4.62,0
2020-02-28,1.58,259.25,1.13,0.86,1.31,5.04,0
2020-02-29,1.58,259.25,1.13,0.86,1.3,5.06,0
2020-03-01,0.65,258.076,1.13,0.86,1.3,5.06,0
2020-03-02,0.65,258.076,1.1,0.84,1.33,4.97,0
2020-03-03,0.65,258.076,1.02,0.71,1.32,4.84,0
2020-03-04,0.65,258.076,1.02,0.67,1.32,4.75,0
2020-03-05,0.65,258.076,0.92,0.59,1.35,5.05,0
2020-03-06,0.65,258.076,0.74,0.49,1.49,5.64,0
2020-03-09,0.65,258.076,0.54,0.38,1.88,6.68,0
2020-03-10,0.65,258.076,0.76,0.5,1.87,6.38,0
2020-03-11,0.65,258.076,0.82,0.5,1.96,6.61,0
2020-03-12,0.65,258.076,0.88,0.5,2.22,7.42,0
2020-03-13,0.65,258.076,0.94,0.49,2.29,7.31,0
2020-03-16,0.65,258.076,0.73,0.36,2.55,8.38,0
2020-03-17,0.65,258.076,1.02,0.47,2.72,8.41,0
2020-03-18,0.65,258.076,1.18,0.54,3.03,9.04,0
2020-03-19,0.65,258.076,1.12,0.44,3.51,9.82,0
2020-03-20,0.65,258.076,0.92,0.37,3.87,10.09,0
2020-03-23,0.65,258.076,0.76,0.28,4.01,10.87,0
2020-03-24,0.65,258.076,0.84,0.38,3.82,10.55,0
2020-03-25,0.65,258.076,0.88,0.34,3.54,10.11,0
2020-03-26,0.65,258.076,0.83,0.3,3.33,9.29,0
2020-03-27,0.65,258.076,0.72,0.25,3.24,8.99,0
2020-03-30,0.65,258.076,0.7,0.23,3.15,8.82,0
2020-03-31,0.65,258.076,0.7,0.23,3.05,8.77,0
2020-04-01,0.05,256.032,0.62,0.23,3.05,9.11,0
2020-04-02,0.05,256.032,0.63,0.23,3.06,9.17,0
2020-04-03,0.05,256.032,0.62,0.23,3.08,9.43,0
2020-04-06,0.05,256.032,0.67,0.27,3.03,9.26,0
2020-04-07,0.05,256.032,0.75,0.28,2.92,8.88,0
2020-04-08,0.05,256.032,0.77,0.27,2.83,8.81,0
2020-04-09,0.05,256.032,0.73,0.23,2.61,7.96,0
2020-04-10,0.05,256.032,0.73,0.23,2.61,7.96,0
2020-04-13,0.05,256.032,0.76,0.25,2.46,7.7,0
2020-04-14,0.05,256.032,0.76,0.23,2.35,7.35,0
2020-04-15,0.05,256.032,0.63,0.2,2.38,7.64,0
2020-04-16,0.05,256.032,0.61,0.2,2.36,7.58,0
2020-04-17,0.05,256.032,0.65,0.2,2.34,7.31,0
2020-04-20,0.05,256.032,0.63,0.2,2.36,7.52,0
2020-04-21,0.05,256.032,0.58,0.2,2.41,7.9,0
2020-04-22,0.05,256.032,0.63,0.22,2.39,7.85,0
2020-04-23,0.05,256.032,0.61,0.22,2.36,7.87,0
2020-04-24,0.05,256.032,0.6,0.22,2.36,8.03,0
2020-04-27,0.05,256.032,0.67,0.24,2.34,8.01,0
2020-04-28,0.05,256.032,0.62,0.2,2.34,8.02,0
2020-04-29,0.05,256.032,0.63,0.2,2.31,7.87,0
2020-04-30,0.05,256.032,0.64,0.2,2.17,7.63,0
2020-05-01,0.05,255.802,0.64,0.2,2.18,7.7,0
2020-05-04,0.05,255.802,0.64,0.19,2.2,7.79,0
2020-05-05,0.05,255.802,0.66,0.19,2.18,7.6,0
2020-05-06,0.05,255.802,0.72,0.17,2.18,7.6,0
2020-05-07,0.05,255.802,0.63,0.13,2.21,7.6,0
2020-05-08,0.05,255.802,0.69,0.16,2.22,7.52,0
2020-05-11,0.05,255.802,0.73,0.17,2.23,7.51,0
2020-05-12,0.05,255.802,0.69,0.17,2.22,7.42,0
2020-05-13,0.05,255.802,0.64,0.16,2.21,7.61,0
2020-05-14,0.05,255.802,0.63,0.16,2.21,7.77,0
2020-05-15,0.05,255.802,0.64,0.16,2.2,7.78,0
2020-05-18,0.05,255.802,0.73,0.18,2.12,7.41,0
2020-05-19,0.05,255.802,0.7,0.17,2.06,7.35,0
2020-05-20,0.05,255.802,0.68,0.16,2.01,7.16,0
2020-05-21,0.05,255.802,0.68,0.17,1.98,7.08,0
2020-05-22,0.05,255.802,0.66,0.17,1.97,7.06,0
2020-05-25,0.05,255.802,0.66,0.17,1.96,7.06,0
2020-05-26,0.05,255.802,0.69,0.18,1.92,6.75,0
2020-05-27,0.05,255.802,0.68,0.19,1.9,6.7,0
2020-05-28,0.05,255.802,0.7,0.17,1.87,6.6,0
2020-05-29,0.05,255.802,0.65,0.16,1.85,6.71,0
2020-05-31,0.05,255.802,0.65,0.16,1.87,6.54,0
2020-06-01,0.08,257.042,0.66,0.14,1.85,6.43,0
2020-06-02,0.08,257.042,0.68,0.17,1.81,6.18,0
2020-06-03,0.08,257.042,0.77,0.19,1.74,5.8,0
2020-06-04,0.08,257.042,0.82,0.19,1.7,5.83,0
2020-06-05,0.08,257.042,0.91,0.22,1.6,5.5,0
2020-06-08,0.08,257.042,0.88,0.22,1.56,5.51,0
2020-06-09,0.08,257.042,0.84,0.2,1.59,5.75,0
2020-06-10,0.08,257.042,0.75,0.17,1.61,5.92,0
2020-06-11,0.08,257.042,0.66,0.19,1.7,6.4,0
2020-06-12,0.08,257.042,0.71,0.19,1.69,6.28,0
2020-06-15,0.08,257.042,0.71,0.19,1.7,6.25,0
2020-06-16,0.08,257.042,0.75,0.21,1.58,5.78,0
2020-06-17,0.08,257.042,0.74,0.19,1.57,5.85,0
2020-06-18,0.08,257.042,0.71,0.19,1.58,6.01,0
2020-06-19,0.08,257.042,0.7,0.19,1.57,6.02,0
2020-06-22,0.08,257.042,0.71,0.19,1.57,6.03,0
2020-06-23,0.08,257.042,0.72,0.18,1.56,6.02,0
2020-06-24,0.08,257.042,0.69,0.19,1.6,6.23,0
2020-06-25,0.08,257.042,0.68,0.17,1.61,6.3,0
2020-06-26,0.08,257.042,0.64,0.17,1.62,6.41,0
2020-06-29,0.08,257.042,0.64,0.16,1.62,6.52,0
2020-06-30,0.08,257.042,0.66,0.16,1.6,6.44,0
2020-07-01,0.09,258.352,0.69,0.17,1.58,6.33,0
2020-07-02,0.09,258.352,0.68,0.16,1.54,6.17,0
2020-07-03,0.09,258.352,0.68,0.16,1.54,6.17,0
2020-07-06,0.09,258.352,0.69,0.16,1.51,6.03,0
2020-07-07,0.09,258.352,0.65,0.16,1.51,6.04,0
2020-07-08,0.09,258.352,0.67,0.16,1.51,6.06,0
2020-07-09,0.09,258.352,0.62,0.16,1.52,6.14,0
2020-07-10,0.09,258.352,0.65,0.16,1.52,6.14,0
2020-07-13,0.09,258.352,0.64,0.16,1.5,6.01,0
2020-07-14,0.09,258.352,0.63,0.14,1.5,6.03,0
2020-07-15,0.09,258.352,0.64,0.16,1.48,5.81,0
2020-07-16,0.09,258.352,0.62,0.16,1.47,5.76,0
2020-07-17,0.09,258.352,0.64,0.14,1.46,5.74,0
2020-07-20,0.09,258.352,0.62,0.16,1.44,5.54,0
2020-07-21,0.09,258.352,0.61,0.14,1.41,5.33,0
2020-07-22,0.09,258.352,0.6,0.14,1.39,5.28,0
2020-07-23,0.09,258.352,0.59,0.16,1.39,5.26,0
2020-07-24,0.09,258.352,0.59,0.14,1.39,5.29,0
2020-07-27,0.09,258.352,0.62,0.15,1.39,5.24,0
2020-07-28,0.09,258.352,0.59,0.14,1.4,5.27,0
2020-07-29,0.09,258.352,0.58,0.12,1.4,5.15,0
2020-07-30,0.09,258.352,0.55,0.11,1.41,5.14,0
2020-07-31,0.09,258.352,0.55,0.11,1.41,5.16,0
2020-08-01,0.1,259.316,0.55,0.11,1.41,5.16,0
2020-08-03,0.1,259.316,0.56,0.11,1.4,5.08,0
2020-08-04,0.1,259.316,0.52,0.11,1.4,5.13,0
2020-08-05,0.1,259.316,0.55,0.11,1.37,5.04,0
2020-08-06,0.1,259.316,0.55,0.11,1.36,5.06,0
2020-08-07,0.1,259.316,0.57,0.13,1.35,5.06,0
2020-08-10,0.1,259.316,0.59,0.14,1.34,5.09,0
2020-08-11,0.1,259.316,0.64,0.16,1.33,5.03,0
2020-08-12,0.1,259.316,0.69,0.16,1.33,5.1,0
2020-08-13,0.1,259.316,0.71,0.16,1.34,5.16,0
2020-08-14,0.1,259.316,0.71,0.14,1.35,5.26,0
2020-08-17,0.1,259.316,0.69,0.14,1.36,5.29,0
2020-08-18,0.1,259.316,0.67,0.14,1.37,5.26,0
2020-08-19,0.1,259.316,0.68,0.14,1.37,5.25,0
2020-08-20,0.1,259.316,0.65,0.13,1.38,5.28,0
2020-08-21,0.1,259.316,0.64,0.16,1.38,5.25,0
2020-08-24,0.1,259.316,0.65,0.14,1.37,5.17,0
2020-08-25,0.1,259.316,0.69,0.15,1.37,5.07,0
2020-08-26,0.1,259.316,0.69,0.16,1.37,5.02,0
2020-08-27,0.1,259.316,0.74,0.16,1.38,4.98,0
2020-08-28,0.1,259.316,0.74,0.14,1.37,5.0,0
2020-08-31,0.1,259.316,0.72,0.14,1.36,5.02,0
2020-09-01,0.09,259.997,0.68,0.13,1.35,4.97,0
2020-09-02,0.09,259.997,0.66,0.14,1.34,4.93,0
2020-09-03,0.09,259.997,0.63,0.13,1.35,5.04,0
2020-09-04,0.09,259.997,0.72,0.14,1.35,5.13,0
2020-09-07,0.09,259.997,0.72,0.14,1.35,5.13,0
2020-09-08,0.09,259.997,0.69,0.14,1.37,5.25,0
2020-09-09,0.09,259.997,0.71,0.14,1.37,5.16,0
2020-09-10,0.09,259.997,0.68,0.14,1.37,5.16,0
2020-09-11,0.09,259.997,0.67,0.13,1.37,5.21,0
2020-09-14,0.09,259.997,0.68,0.14,1.36,5.18,0
2020-09-15,0.09,259.997,0.68,0.14,1.36,5.14,0
2020-09-16,0.09,259.997,0.69,0.14,1.35,5.07,0
2020-09-17,0.09,259.997,0.69,0.13,1.35,5.14,0
2020-09-18,0.09,259.997,0.7,0.14,1.35,5.16,0
2020-09-21,0.09,259.997,0.68,0.14,1.37,5.42,0
2020-09-22,0.09,259.997,0.68,0.13,1.37,5.45,0
2020-09-23,0.09,259.997,0.68,0.14,1.39,5.47,0
2020-09-24,0.09,259.997,0.67,0.14,1.43,5.64,0
2020-09-25,0.09,259.997,0.66,0.12,1.46,5.64,0
2020-09-28,0.09,259.997,0.67,0.14,1.45,5.52,0
2020-09-29,0.09,259.997,0.66,0.11,1.44,5.5,0
2020-09-30,0.09,259.997,0.69,0.13,1.44,5.41,0
2020-10-01,0.09,260.319,0.68,0.14,1.43,5.36,0
2020-10-02,0.09,260.319,0.7,0.13,1.43,5.38,0
2020-10-05,0.09,260.319,0.78,0.14,1.4,5.18,0
2020-10-06,0.09,260.319,0.76,0.14,1.38,5.06,0
2020-10-07,0.09,260.319,0.81,0.16,1.36,5.02,0
2020-10-08,0.09,260.319,0.78,0.13,1.36,4.97,0
2020-10-09,0.09,260.319,0.79,0.16,1.35,4.92,0
2020-10-12,0.09,260.319,0.79,0.16,1.34,4.92,0
2020-10-13,0.09,260.319,0.74,0.16,1.33,4.88,0
2020-10-14,0.09,260.319,0.73,0.14,1.33,4.89,0
2020-10-15,0.09,260.319,0.74,0.14,1.34,5.01,0
2020-10-16,0.09,260.319,0.76,0.14,1.33,4.94,0
2020-10-19,0.09,260.319,0.78,0.16,1.32,4.91,0
2020-10-20,0.09,260.319,0.81,0.14,1.32,4.9,0
2020-10-21,0.09,260.319,0.83,0.14,1.31,4.91,0
2020-10-22,0.09,260.319,0.87,0.16,1.31,4.88,0
2020-10-23,0.09,260.319,0.85,0.18,1.3,4.87,0
2020-10-26,0.09,260.319,0.81,0.16,1.3,5.03,0
2020-10-27,0.09,260.319,0.79,0.16,1.3,5.06,0
2020-10-28,0.09,260.319,0.79,0.16,1.32,5.29,0
2020-10-29,0.09,260.319,0.85,0.16,1.33,5.25,0
2020-10-30,0.09,260.319,0.88,0.14,1.33,5.25,0
2020-10-31,0.09,260.319,0.88,0.14,1.34,5.32,0
2020-11-01,0.09,260.911,0.88,0.14,1.34,5.32,0
2020-11-02,0.09,260.911,0.87,0.16,1.33,5.25,0
2020-11-03,0.09,260.911,0.9,0.17,1.32,5.07,0
2020-11-04,0.09,260.911,0.78,0.14,1.3,4.79,0
2020-11-05,0.09,260.911,0.79,0.14,1.27,4.59,0
2020-11-06,0.09,260.911,0.83,0.16,1.25,4.67,0
2020-11-09,0.09,260.911,0.96,0.17,1.19,4.22,0
2020-11-10,0.09,260.911,0.98,0.19,1.19,4.37,0
2020-11-11,0.09,260.911,0.98,0.19,1.18,4.37,0
2020-11-12,0.09,260.911,0.88,0.17,1.21,4.62,0
2020-11-13,0.09,260.911,0.89,0.17,1.21,4.63,0
2020-11-16,0.09,260.911,0.91,0.19,1.19,4.5,0
2020-11-17,0.09,260.911,0.87,0.18,1.19,4.48,0
2020-11-18,0.09,260.911,0.88,0.16,1.17,4.42,0
2020-11-19,0.09,260.911,0.86,0.18,1.16,4.48,0
2020-11-20,0.09,260.911,0.83,0.16,1.16,4.49,0
2020-11-23,0.09,260.911,0.86,0.16,1.16,4.43,0
2020-11-24,0.09,260.911,0.88,0.16,1.15,4.31,0
2020-11-25,0.09,260.911,0.88,0.17,1.14,4.33,0
2020-11-26,0.09,260.911,0.88,0.17,1.14,4.33,0
2020-11-27,0.09,260.911,0.84,0.16,1.13,4.35,0
2020-11-30,0.09,260.911,0.84,0.16,1.12,4.33,0
2020-12-01,0.09,262.045,0.92,0.17,1.09,4.21,0
2020-12-02,0.09,262.045,0.95,0.16,1.08,4.17,0
2020-12-03,0.09,262.045,0.92,0.16,1.07,4.1,0
2020-12-04,0.09,262.045,0.97,0.16,1.07,4.03,0
2020-12-07,0.09,262.045,0.94,0.14,1.07,4.03,0
2020-12-08,0.09,262.045,0.92,0.14,1.08,4.03,0
2020-12-09,0.09,262.045,0.95,0.16,1.1,4.04,0
2020-12-10,0.09,262.045,0.92,0.14,1.11,4.08,0
2020-12-11,0.09,262.045,0.9,0.11,1.11,4.13,0
2020-12-14,0.09,262.045,0.9,0.13,1.11,4.07,0
2020-12-15,0.09,262.045,0.92,0.11,1.1,4.06,0
2020-12-16,0.09,262.045,0.92,0.13,1.08,4.06,0
2020-12-17,0.09,262.045,0.94,0.13,1.07,4.05,0
2020-12-18,0.09,262.045,0.95,0.13,1.07,4.03,0
2020-12-21,0.09,262.045,0.95,0.13,1.07,4.18,0
2020-12-22,0.09,262.045,0.93,0.13,1.07,4.12,0
2020-12-23,0.09,262.045,0.96,0.13,1.07,4.07,0
2020-12-24,0.09,262.045,0.94,0.13,1.06,4.05,0
2020-12-25,0.09,262.045,0.94,0.13,1.06,4.05,0
2020-12-28,0.09,262.045,0.94,0.13,1.05,3.89,0
2020-12-29,0.09,262.045,0.94,0.12,1.05,3.85,0
2020-12-30,0.09,262.045,0.93,0.12,1.03,3.87,0
2020-12-31,0.09,262.045,0.93,0.13,1.03,3.86,0
2021-01-01,0.09,262.687,0.93,0.13,1.03,3.86,0
2021-01-04,0.09,262.687,0.93,0.11,1.04,3.93,0
2021-01-05,0.09,262.687,0.96,0.13,1.05,3.92,0
2021-01-06,0.09,262.687,1.04,0.14,1.04,3.8,0
2021-01-07,0.09,262.687,1.08,0.14,1.03,3.78,0
2021-01-08,0.09,262.687,1.13,0.14,1.02,3.76,0
2021-01-11,0.09,262.687,1.15,0.14,1.01,3.82,0
2021-01-12,0.09,262.687,1.15,0.14,1.01,3.85,0
2021-01-13,0.09,262.687,1.1,0.14,1.0,3.82,0
2021-01-14,0.09,262.687,1.15,0.16,0.99,3.73,0
2021-01-15,0.09,262.687,1.11,0.13,1.0,3.74,0
2021-01-18,0.09,262.687,1.11,0.13,0.99,3.73,0
2021-01-19,0.09,262.687,1.1,0.14,0.99,3.71,0
2021-01-20,0.09,262.687,1.1,0.13,0.99,3.67,0
2021-01-21,0.09,262.687,1.12,0.13,1.0,3.65,0
2021-01-22,0.09,262.687,1.1,0.13,1.01,3.75,0
2021-01-25,0.09,262.687,1.05,0.13,1.02,3.75,0
2021-01-26,0.09,262.687,1.05,0.11,1.02,3.74,0
2021-01-27,0.09,262.687,1.04,0.12,1.03,3.85,0
2021-01-28,0.09,262.687,1.07,0.12,1.02,3.76,0
2021-01-29,0.09,262.687,1.11,0.11,1.02,3.79,0
2021-01-31,0.09,262.687,1.11,0.11,1.03,3.84,0
2021-02-01,0.08,263.579,1.09,0.11,1.03,3.83,0
2021-02-02,0.08,263.579,1.12,0.11,1.02,3.75,0
2021-02-03,0.08,263.579,1.15,0.11,1.01,3.68,0
2021-02-04,0.08,263.579,1.15,0.11,1.0,3.64,0
2021-02-05,0.08,263.579,1.19,0.09,0.99,3.58,0
2021-02-08,0.08,263.579,1.19,0.11,0.98,3.54,0
2021-02-09,0.08,263.579,1.18,0.11,0.98,3.51,0
2021-02-10,0.08,263.579,1.15,0.11,0.98,3.51,0
2021-02-11,0.08,263.579,1.16,0.11,0.98,3.5,0
2021-02-12,0.08,263.579,1.2,0.11,0.97,3.48,0
2021-02-15,0.08,263.579,1.2,0.11,0.97,3.47,0
2021-02-16,0.08,263.579,1.3,0.13,0.95,3.41,0
2021-02-17,0.08,263.579,1.29,0.11,0.94,3.44,0
2021-02-18,0.08,263.579,1.29,0.11,0.94,3.46,0
2021-02-19,0.08,263.579,1.34,0.11,0.94,3.41,0
2021-02-22,0.08,263.579,1.37,0.11,0.95,3.44,0
2021-02-23,0.08,263.579,1.37,0.11,0.97,3.47,0
2021-02-24,0.08,263.579,1.38,0.12,0.96,3.42,0
2021-02-25,0.08,263.579,1.54,0.17,0.95,3.42,0
2021-02-26,0.08,263.579,1.44,0.14,0.95,3.52,0
2021-02-28,0.08,263.579,1.44,0.14,0.95,3.57,0
2021-03-01,0.07,264.961,1.45,0.13,0.96,3.54,0
2021-03-02,0.07,264.961,1.42,0.13,0.96,3.53,0
2021-03-03,0.07,264.961,1.47,0.14,0.95,3.51,0
2021-03-04,0.07,264.961,1.54,0.14,0.97,3.54,0
2021-03-05,0.07,264.961,1.56,0.14,1.0,3.6,0
2021-03-08,0.07,264.961,1.59,0.17,1.02,3.57,0
2021-03-09,0.07,264.961,1.55,0.17,1.04,3.62,0
2021-03-10,0.07,264.961,1.53,0.16,1.04,3.63,0
2021-03-11,0.07,264.961,1.54,0.14,1.02,3.52,0
2021-03-12,0.07,264.961,1.64,0.14,1.02,3.55,0
2021-03-15,0.07,264.961,1.62,0.14,1.02,3.55,0
2021-03-16,0.07,264.961,1.62,0.15,1.01,3.55,0
2021-03-17,0.07,264.961,1.63,0.13,1.02,3.65,0
2021-03-18,0.07,264.961,1.71,0.16,1.0,3.66,0
2021-03-19,0.07,264.961,1.74,0.16,1.0,3.67,0
2021-03-22,0.07,264.961,1.69,0.15,1.0,3.58,0
2021-03-23,0.07,264.961,1.63,0.15,1.01,3.57,0
2021-03-24,0.07,264.961,1.62,0.14,1.01,3.51,0
2021-03-25,0.07,264.961,1.63,0.14,1.02,3.53,0
2021-03-26,0.07,264.961,1.67,0.14,1.01,3.48,0
2021-03-29,0.07,264.961,1.73,0.14,1.0,3.43,0
2021-03-30,0.07,264.961,1.73,0.16,0.99,3.44,0
2021-03-31,0.07,264.961,1.74,0.16,0.97,3.36,0
2021-04-01,0.07,266.614,1.69,0.17,0.95,3.33,0
2021-04-02,0.07,266.614,1.72,0.19,0.95,3.33,0
2021-04-05,0.07,266.614,1.73,0.17,0.94,3.25,0
2021-04-06,0.07,266.614,1.67,0.16,0.95,3.25,0
2021-04-07,0.07,266.614,1.68,0.16,0.95,3.22,0
2021-04-08,0.07,266.614,1.64,0.14,0.95,3.21,0
2021-04-09,0.07,266.614,1.67,0.16,0.94,3.24,0
2021-04-12,0.07,266.614,1.69,0.18,0.94,3.24,0
2021-04-13,0.07,266.614,1.64,0.16,0.94,3.32,0
2021-04-14,0.07,266.614,1.64,0.16,0.93,3.25,0
2021-04-15,0.07,266.614,1.56,0.16,0.94,3.25,0
2021-04-16,0.07,266.614,1.59,0.16,0.94,3.22,0
2021-04-19,0.07,266.614,1.61,0.16,0.95,3.25,0
2021-04-20,0.07,266.614,1.58,0.15,0.96,3.35,0
2021-04-21,0.07,266.614,1.57,0.15,0.96,3.34,0
2021-04-22,0.07,266.614,1.57,0.16,0.96,3.34,0
2021-04-23,0.07,266.614,1.58,0.16,0.95,3.29,0
2021-04-26,0.07,266.614,1.58,0.18,0.95,3.26,0
2021-04-27,0.07,266.614,1.63,0.17,0.94,3.24,0
2021-04-28,0.07,266.614,1.63,0.17,0.94,3.26,0
2021-04-29,0.07,266.614,1.65,0.16,0.94,3.24,0
2021-04-30,0.07,266.614,1.65,0.16,0.94,3.28,0
2021-05-01,0.06,268.383,1.65,0.16,0.94,3.28,0
2021-05-03,0.06,268.383,1.63,0.16,0.94,3.27,0
2021-05-04,0.06,268.383,1.61,0.16,0.94,3.32,0
2021-05-05,0.06,268.383,1.59,0.16,0.94,3.29,0
2021-05-06,0.06,268.383,1.58,0.16,0.94,3.3,0
2021-05-07,0.06,268.383,1.6,0.14,0.93,3.27,0
2021-05-10,0.06,268.383,1.63,0.16,0.93,3.26,0
2021-05-11,0.06,268.383,1.64,0.16,0.93,3.36,0
2021-05-12,0.06,268.383,1.69,0.16,0.93,3.34,0
2021-05-13,0.06,268.383,1.66,0.16,0.93,3.37,0
2021-05-14,0.06,268.383,1.63,0.16,0.92,3.35,0
2021-05-17,0.06,268.383,1.64,0.16,0.91,3.35,0
2021-05-18,0.06,268.383,1.64,0.16,0.91,3.35,0
2021-05-19,0.06,268.383,1.68,0.16,0.92,3.4,0
2021-05-20,0.06,268.383,1.63,0.15,0.92,3.42,0
2021-05-21,0.06,268.383,1.63,0.17,0.91,3.37,0
2021-05-24,0.06,268.383,1.61,0.15,0.91,3.37,0
2021-05-25,0.06,268.383,1.56,0.15,0.9,3.34,0
2021-05-26,0.06,268.383,1.58,0.14,0.9,3.35,0
2021-05-27,0.06,268.383,1.61,0.14,0.9,3.3,0
2021-05-28,0.06,268.383,1.58,0.14,0.9,3.29,0
2021-05-31,0.06,268.383,1.58,0.14,0.91,3.34,0
2021-06-01,0.08,270.654,1.62,0.16,0.91,3.33,0
2021-06-02,0.08,270.654,1.59,0.13,0.9,3.31,0
2021-06-03,0.08,270.654,1.63,0.16,0.9,3.28,0
2021-06-04,0.08,270.654,1.56,0.14,0.91,3.28,0
2021-06-07,0.08,270.654,1.57,0.16,0.91,3.27,0
2021-06-08,0.08,270.654,1.53,0.14,0.91,3.26,0
2021-06-09,0.08,270.654,1.5,0.16,0.91,3.22,0
2021-06-10,0.08,270.654,1.45,0.14,0.91,3.23,0
2021-06-11,0.08,270.654,1.47,0.16,0.9,3.21,0
2021-06-14,0.08,270.654,1.51,0.16,0.89,3.17,0
2021-06-15,0.08,270.654,1.51,0.16,0.89,3.17,0
2021-06-16,0.08,270.654,1.57,0.21,0.87,3.12,0
2021-06-17,0.08,270.654,1.52,0.23,0.87,3.15,0
2021-06-18,0.08,270.654,1.45,0.26,0.87,3.18,0
2021-06-21,0.08,270.654,1.5,0.27,0.87,3.14,0
2021-06-22,0.08,270.654,1.48,0.25,0.88,3.15,0
2021-06-23,0.08,270.654,1.5,0.26,0.88,3.13,0
2021-06-24,0.08,270.654,1.49,0.26,0.87,3.08,0
2021-06-25,0.08,270.654,1.54,0.28,0.86,3.04,0
2021-06-28,0.08,270.654,1.49,0.25,0.86,3.05,0
2021-06-29,0.08,270.654,1.49,0.27,0.86,3.03,0
2021-06-30,0.08,270.654,1.45,0.25,0.86,3.04,0
2021-07-01,0.1,271.903,1.48,0.25,0.87,3.02,0
2021-07-02,0.1,271.903,1.44,0.24,0.87,3.04,0
2021-07-05,0.1,271.903,1.44,0.24,0.87,3.03,0
2021-07-06,0.1,271.903,1.37,0.22,0.87,3.05,0
2021-07-07,0.1,271.903,1.33,0.22,0.88,3.05,0
2021-07-08,0.1,271.903,1.3,0.19,0.9,3.14,0
2021-07-09,0.1,271.903,1.37,0.23,0.9,3.07,0
2021-07-12,0.1,271.903,1.38,0.23,0.9,3.05,0
2021-07-13,0.1,271.903,1.42,0.26,0.89,3.04,0
2021-07-14,0.1,271.903,1.37,0.23,0.89,3.1,0
2021-07-15,0.1,271.903,1.31,0.23,0.9,3.14,0
2021-07-16,0.1,271.903,1.31,0.25,0.91,3.18,0
2021-07-19,0.1,271.903,1.19,0.21,0.93,3.44,0
2021-07-20,0.1,271.903,1.23,0.2,0.94,3.38,0
2021-07-21,0.1,271.903,1.3,0.22,0.93,3.24,0
2021-07-22,0.1,271.903,1.27,0.2,0.93,3.24,0
2021-07-23,0.1,271.903,1.3,0.22,0.92,3.22,0
2021-07-26,0.1,271.903,1.29,0.22,0.92,3.21,0
2021-07-27,0.1,271.903,1.25,0.2,0.92,3.27,0
2021-07-28,0.1,271.903,1.26,0.2,0.92,3.26,0
2021-07-29,0.1,271.903,1.28,0.2,0.91,3.23,0
2021-07-30,0.1,271.903,1.24,0.19,0.91,3.26,0
2021-07-31,0.1,271.903,1.24,0.19,0.92,3.32,0
2021-08-01,0.09,272.676,1.24,0.19,0.92,3.32,0
2021-08-02,0.09,272.676,1.2,0.17,0.93,3.36,0
2021-08-03,0.09,272.676,1.19,0.17,0.93,3.42,0
2021-08-04,0.09,272.676,1.19,0.17,0.93,3.42,0
2021-08-05,0.09,272.676,1.23,0.21,0.93,3.37,0
2021-08-06,0.09,272.676,1.31,0.21,0.93,3.32,0
2021-08-09,0.09,272.676,1.33,0.23,0.93,3.34,0
2021-08-10,0.09,272.676,1.36,0.24,0.93,3.32,0
2021-08-11,0.09,272.676,1.35,0.23,0.93,3.37,0
2021-08-12,0.09,272.676,1.36,0.23,0.93,3.34,0
2021-08-13,0.09,272.676,1.29,0.23,0.93,3.36,0
2021-08-16,0.09,272.676,1.26,0.21,0.93,3.38,0
2021-08-17,0.09,272.676,1.26,0.23,0.93,3.37,0
2021-08-18,0.09,272.676,1.27,0.23,0.94,3.35,0
2021-08-19,0.09,272.676,1.24,0.22,0.95,3.42,0
2021-08-20,0.09,272.676,1.26,0.23,0.95,3.37,0
2021-08-23,0.09,272.676,1.25,0.23,0.95,3.34,0
2021-08-24,0.09,272.676,1.29,0.24,0.94,3.26,0
2021-08-25,0.09,272.676,1.35,0.23,0.93,3.22,0
2021-08-26,0.09,272.676,1.34,0.25,0.93,3.2,0
2021-08-27,0.09,272.676,1.31,0.22,0.92,3.17,0
2021-08-30,0.09,272.676,1.29,0.2,0.92,3.16,0
2021-08-31,0.09,272.676,1.3,0.2,0.92,3.21,0
2021-09-01,0.08,273.91,1.31,0.2,0.92,3.19,0
2021-09-02,0.08,273.91,1.29,0.2,0.92,3.16,0
2021-09-03,0.08,273.91,1.33,0.21,0.92,3.14,0
2021-09-06,0.08,273.91,1.33,0.21,0.92,3.13,0
2021-09-07,0.08,273.91,1.38,0.22,0.92,3.16,0
2021-09-08,0.08,273.91,1.35,0.22,0.92,3.16,0
2021-09-09,0.08,273.91,1.3,0.23,0.92,3.15,0
2021-09-10,0.08,273.91,1.35,0.23,0.91,3.11,0
2021-09-13,0.08,273.91,1.33,0.21,0.9,3.09,0
2021-09-14,0.08,273.91,1.28,0.21,0.9,3.11,0
2021-09-15,0.08,273.91,1.31,0.21,0.9,3.08,0
2021-09-16,0.08,273.91,1.34,0.23,0.9,3.06,0
2021-09-17,0.08,273.91,1.37,0.23,0.9,3.04,0
2021-09-20,0.08,273.91,1.31,0.23,0.91,3.23,0
2021-09-21,0.08,273.91,1.33,0.22,0.91,3.17,0
2021-09-22,0.08,273.91,1.32,0.25,0.9,3.09,0
2021-09-23,0.08,273.91,1.41,0.27,0.89,3.03,0
2021-09-24,0.08,273.91,1.47,0.29,0.87,3.05,0
2021-09-27,0.08,273.91,1.48,0.31,0.86,3.06,0
2021-09-28,0.08,273.91,1.54,0.31,0.87,3.13,0
2021-09-29,0.08,273.91,1.55,0.3,0.87,3.09,0
2021-09-30,0.08,273.91,1.52,0.28,0.89,3.15,0
2021-10-01,0.08,276.55,1.48,0.27,0.89,3.2,0
2021-10-04,0.08,276.55,1.49,0.27,0.89,3.21,0
2021-10-05,0.08,276.55,1.54,0.28,0.89,3.17,0
2021-10-06,0.08,276.55,1.53,0.3,0.9,3.29,0
2021-10-07,0.08,276.55,1.58,0.32,0.9,3.19,0
2021-10-08,0.08,276.55,1.61,0.32,0.9,3.2,0
2021-10-11,0.08,276.55,1.61,0.32,0.9,3.2,0
2021-10-12,0.08,276.55,1.59,0.35,0.91,3.28,0
2021-10-13,0.08,276.55,1.56,0.37,0.91,3.25,0
2021-10-14,0.08,276.55,1.52,0.36,0.9,3.18,0
2021-10-15,0.08,276.55,1.59,0.41,0.89,3.12,0
2021-10-18,0.08,276.55,1.59,0.44,0.89,3.11,0
2021-10-19,0.08,276.55,1.65,0.41,0.89,3.09,0
2021-10-20,0.08,276.55,1.65,0.4,0.89,3.07,0
2021-10-21,0.08,276.55,1.68,0.45,0.89,3.03,0
2021-10-22,0.08,276.55,1.66,0.48,0.89,3.07,0
2021-10-25,0.08,276.55,1.64,0.47,0.89,3.11,0
2021-10-26,0.08,276.55,1.63,0.47,0.89,3.09,0
2021-10-27,0.08,276.55,1.54,0.5,0.89,3.11,0
2021-10-28,0.08,276.55,1.57,0.5,0.89,3.08,0
2021-10-29,0.08,276.55,1.55,0.48,0.89,3.08,0
2021-10-31,0.08,276.55,1.55,0.48,0.89,3.15,0
2021-11-01,0.08,278.919,1.58,0.5,0.9,3.16,0
2021-11-02,0.08,278.919,1.56,0.46,0.91,3.21,0
2021-11-03,0.08,278.919,1.6,0.47,0.91,3.18,0
2021-11-04,0.08,278.919,1.53,0.41,0.9,3.19,0
2021-11-05,0.08,278.919,1.45,0.39,0.9,3.12,0
2021-11-08,0.08,278.919,1.51,0.45,0.89,3.03,0
2021-11-09,0.08,278.919,1.46,0.41,0.9,3.08,0
2021-11-10,0.08,278.919,1.56,0.51,0.9,3.06,0
2021-11-11,0.08,278.919,1.56,0.51,0.9,3.06,0
2021-11-12,0.08,278.919,1.58,0.53,0.91,3.09,0
2021-11-15,0.08,278.919,1.63,0.53,0.91,3.1,0
2021-11-16,0.08,278.919,1.63,0.54,0.93,3.12,0
2021-11-17,0.08,278.919,1.6,0.52,0.94,3.17,0
2021-11-18,0.08,278.919,1.59,0.52,0.94,3.19,0
2021-11-19,0.08,278.919,1.54,0.52,0.94,3.24,0
2021-11-22,0.08,278.919,1.63,0.63,0.94,3.18,0
2021-11-23,0.08,278.919,1.67,0.6,0.96,3.3,0
2021-11-24,0.08,278.919,1.64,0.64,0.96,3.32,0
2021-11-25,0.08,278.919,1.64,0.64,0.96,3.32,0
2021-11-26,0.08,278.919,1.48,0.5,1.01,3.62,0
2021-11-29,0.08,278.919,1.52,0.51,1.02,3.53,0
2021-11-30,0.08,278.919,1.43,0.52,1.03,3.67,0
2021-12-01,0.08,280.845,1.43,0.56,1.03,3.58,0
2021-12-02,0.08,280.845,1.44,0.63,1.04,3.54,0
2021-12-03,0.08,280.845,1.35,0.6,1.03,3.56,0
2021-12-06,0.08,280.845,1.43,0.65,1.02,3.41,0
2021-12-07,0.08,280.845,1.48,0.7,1.0,3.16,0
2021-12-08,0.08,280.845,1.52,0.68,0.99,3.21,0
2021-12-09,0.08,280.845,1.49,0.7,0.99,3.25,0
2021-12-10,0.08,280.845,1.48,0.67,1.0,3.29,0
2021-12-13,0.08,280.845,1.42,0.66,1.0,3.33,0
2021-12-14,0.08,280.845,1.44,0.67,1.01,3.35,0
2021-12-15,0.08,280.845,1.47,0.69,1.01,3.33,0
2021-12-16,0.08,280.845,1.44,0.64,1.01,3.32,0
2021-12-17,0.08,280.845,1.41,0.66,1.01,3.36,0
2021-12-20,0.08,280.845,1.43,0.65,1.03,3.41,0
2021-12-21,0.08,280.845,1.48,0.7,1.02,3.25,0
2021-12-22,0.08,280.845,1.46,0.68,1.01,3.21,0
2021-12-23,0.08,280.845,1.5,0.71,1.0,3.12,0
2021-12-24,0.08,280.845,1.5,0.71,1.0,3.12,0
2021-12-27,0.08,280.845,1.48,0.76,0.99,3.02,0
2021-12-28,0.08,280.845,1.49,0.74,0.98,3.01,0
2021-12-29,0.08,280.845,1.55,0.75,0.97,3.03,0
2021-12-30,0.08,280.845,1.52,0.73,0.97,3.09,0
2021-12-31,0.08,280.845,1.52,0.73,0.98,3.1,0
2022-01-01,0.08,282.543,1.52,0.73,0.98,3.1,0
2022-01-03,0.08,282.543,1.63,0.78,0.97,3.05,0
2022-01-04,0.08,282.543,1.66,0.77,0.96,3.09,0
2022-01-05,0.08,282.543,1.71,0.83,0.95,3.07,0
2022-01-06,0.08,282.543,1.73,0.88,0.95,3.15,0
2022-01-07,0.08,282.543,1.76,0.87,0.95,3.2,0
2022-01-10,0.08,282.543,1.78,0.92,0.96,3.24,0
2022-01-11,0.08,282.543,1.75,0.9,0.96,3.18,0
2022-01-12,0.08,282.543,1.74,0.92,0.96,3.06,0
2022-01-13,0.08,282.543,1.7,0.91,0.97,3.1,0
2022-01-14,0.08,282.543,1.78,0.99,0.97,3.09,0
2022-01-17,0.08,282.543,1.78,0.99,0.97,3.09,0
2022-01-18,0.08,282.543,1.87,1.06,0.98,3.12,0
2022-01-19,0.08,282.543,1.83,1.04,0.99,3.11,0
2022-01-20,0.08,282.543,1.83,1.08,1.0,3.1,0
2022-01-21,0.08,282.543,1.75,1.01,1.03,3.29,0
2022-01-24,0.08,282.543,1.75,0.99,1.05,3.44,0
2022-01-25,0.08,282.543,1.78,1.02,1.05,3.39,0
2022-01-26,0.08,282.543,1.85,1.13,1.03,3.25,0
2022-01-27,0.08,282.543,1.81,1.18,1.07,3.46,0
2022-01-28,0.08,282.543,1.78,1.15,1.09,3.61,0
2022-01-31,0.08,282.543,1.79,1.18,1.1,3.63,0
2022-02-01,0.08,284.5,1.81,1.18,1.08,3.51,0
2022-02-02,0.08,284.5,1.78,1.16,1.08,3.45,0
2022-02-03,0.08,284.5,1.82,1.19,1.08,3.51,0
2022-02-04,0.08,284.5,1.93,1.31,1.09,3.56,0
2022-02-07,0.08,284.5,1.92,1.3,1.1,3.6,0
2022-02-08,0.08,284.5,1.96,1.35,1.1,3.55,0
2022-02-09,0.08,284.5,1.94,1.36,1.09,3.46,0
2022-02-10,0.08,284.5,2.03,1.61,1.08,3.44,0
2022-02-11,0.08,284.5,1.92,1.5,1.1,3.66,0
2022-02-14,0.08,284.5,1.98,1.58,1.11,3.74,0
2022-02-15,0.08,284.5,2.05,1.58,1.11,3.67,0
2022-02-16,0.08,284.5,2.03,1.52,1.14,3.68,0
2022-02-17,0.08,284.5,1.97,1.49,1.18,3.74,0
2022-02-18,0.08,284.5,1.92,1.47,1.2,3.78,0
2022-02-21,0.08,284.5,1.92,1.47,1.2,3.78,0
2022-02-22,0.08,284.5,1.94,1.56,1.23,3.75,0
2022-02-23,0.08,284.5,1.99,1.58,1.24,3.72,0
2022-02-24,0.08,284.5,1.96,1.54,1.32,3.93,0
2022-02-25,0.08,284.5,1.97,1.55,1.27,3.62,0
2022-02-28,0.08,284.5,1.83,1.44,1.3,3.77,0
2022-03-01,0.2,287.674,1.72,1.31,1.33,3.89,0
2022-03-02,0.2,287.674,1.86,1.5,1.33,3.71,0
2022-03-03,0.2,287.674,1.86,1.53,1.33,3.71,0
2022-03-04,0.2,287.674,1.74,1.5,1.38,3.9,0
2022-03-07,0.2,287.674,1.78,1.55,1.43,4.01,0
2022-03-08,0.2,287.674,1.86,1.63,1.49,4.03,0
2022-03-09,0.2,287.674,1.94,1.68,1.47,3.94,0
2022-03-10,0.2,287.674,1.98,1.72,1.48,4.0,0
2022-03-11,0.2,287.674,2.0,1.75,1.5,4.05,0
2022-03-14,0.2,287.674,2.14,1.87,1.51,4.16,0
2022-03-15,0.2,287.674,2.15,1.85,1.52,4.21,0
2022-03-16,0.2,287.674,2.19,1.95,1.46,3.96,0
2022-03-17,0.2,287.674,2.2,1.94,1.39,3.81,0
2022-03-18,0.2,287.674,2.14,1.97,1.37,3.81,0
2022-03-21,0.2,287.674,2.32,2.14,1.33,3.67,0
2022-03-22,0.2,287.674,2.38,2.18,1.31,3.7,0
2022-03-23,0.2,287.674,2.32,2.13,1.31,3.72,0
2022-03-24,0.2,287.674,2.34,2.13,1.32,3.67,0
2022-03-25,0.2,287.674,2.48,2.3,1.29,3.51,0
2022-03-28,0.2,287.674,2.46,2.35,1.29,3.54,0
2022-03-29,0.2,287.674,2.41,2.35,1.26,3.38,0
2022-03-30,0.2,287.674,2.35,2.31,1.25,3.33,0
2022-03-31,0.2,287.674,2.32,2.28,1.22,3.43,0
2022-04-01,0.33,288.561,2.39,2.44,1.2,3.4,1
2022-04-04,0.33,288.561,2.42,2.43,1.18,3.33,1
2022-04-05,0.33,288.561,2.54,2.51,1.15,3.27,0
2022-04-06,0.33,288.561,2.61,2.5,1.18,3.48,0
2022-04-07,0.33,288.561,2.66,2.47,1.18,3.54,0
2022-04-08,0.33,288.561,2.72,2.53,1.2,3.57,0
2022-04-11,0.33,288.561,2.79,2.5,1.22,3.73,0
2022-04-12,0.33,288.561,2.72,2.39,1.25,3.75,0
2022-04-13,0.33,288.561,2.7,2.37,1.28,3.77,0
2022-04-14,0.33,288.561,2.83,2.47,1.26,3.68,0
2022-04-15,0.33,288.561,2.83,2.47,1.26,3.68,0
2022-04-18,0.33,288.561,2.85,2.46,1.27,3.64,0
2022-04-19,0.33,288.561,2.93,2.61,1.28,3.58,0
2022-04-20,0.33,288.561,2.85,2.6,1.29,3.56,0
2022-04-21,0.33,288.561,2.9,2.68,1.3,3.5,0
2022-04-22,0.33,288.561,2.9,2.72,1.33,3.65,0
2022-04-25,0.33,288.561,2.81,2.63,1.35,3.8,0
2022-04-26,0.33,288.561,2.77,2.54,1.36,3.83,0
2022-04-27,0.33,288.561,2.82,2.58,1.38,3.89,0
2022-04-28,0.33,288.561,2.85,2.63,1.38,3.83,0
2022-04-29,0.33,288.561,2.89,2.7,1.39,3.93,0
2022-04-30,0.33,288.561,2.89,2.7,1.41,3.97,0
2022-05-01,0.77,291.298,2.89,2.7,1.41,3.97,0
2022-05-02,0.77,291.298,2.99,2.73,1.41,4.05,0
2022-05-03,0.77,291.298,2.97,2.78,1.4,3.97,0
2022-05-04,0.77,291.298,2.93,2.66,1.41,4.1,0
2022-05-05,0.77,291.298,3.05,2.71,1.39,4.03,0
2022-05-06,0.77,291.298,3.12,2.72,1.4,4.18,0
2022-05-09,0.77,291.298,3.05,2.61,1.44,4.47,0
2022-05-10,0.77,291.298,2.99,2.62,1.45,4.52,0
2022-05-11,0.77,291.298,2.91,2.66,1.45,4.55,0
2022-05-12,0.77,291.298,2.84,2.56,1.48,4.77,0
2022-05-13,0.77,291.298,2.93,2.61,1.47,4.63,0
2022-05-16,0.77,291.298,2.88,2.58,1.49,4.71,0
2022-05-17,0.77,291.298,2.98,2.71,1.49,4.6,0
2022-05-18,0.77,291.298,2.89,2.68,1.52,4.84,0
2022-05-19,0.77,291.298,2.84,2.63,1.54,4.92,0
2022-05-20,0.77,291.298,2.78,2.6,1.55,4.91,0
2022-05-23,0.77,291.298,2.86,2.65,1.53,4.82,0
2022-05-24,0.77,291.298,2.76,2.5,1.54,4.94,0
2022-05-25,0.77,291.298,2.75,2.48,1.49,4.74,0
2022-05-26,0.77,291.298,2.75,2.46,1.44,4.38,0
2022-05-27,0.77,291.298,2.74,2.47,1.41,4.19,0
2022-05-30,0.77,291.298,2.74,2.47,1.41,4.19,0
2022-05-31,0.77,291.298,2.85,2.53,1.4,4.22,0
2022-06-01,1.21,294.957,2.94,2.66,1.37,4.13,0
2022-06-02,1.21,294.957,2.92,2.65,1.38,4.15,0
2022-06-03,1.21,294.957,2.96,2.66,1.38,4.21,0
2022-06-06,1.21,294.957,3.04,2.73,1.37,4.19,0
2022-06-07,1.21,294.957,2.98,2.75,1.38,4.34,0
2022-06-08,1.21,294.957,3.03,2.78,1.37,4.34,0
2022-06-09,1.21,294.957,3.04,2.83,1.38,4.42,0
2022-06-10,1.21,294.957,3.15,3.06,1.41,4.51,0
2022-06-13,1.21,294.957,3.43,3.4,1.46,4.87,0
2022-06-14,1.21,294.957,3.49,3.45,1.46,4.9,0
2022-06-15,1.21,294.957,3.33,3.2,1.45,4.82,0
2022-06-16,1.21,294.957,3.28,3.14,1.49,5.17,0
2022-06-17,1.21,294.957,3.25,3.17,1.5,5.15,0
2022-06-20,1.21,294.957,3.25,3.17,1.5,5.15,0
2022-06-21,1.21,294.957,3.31,3.21,1.49,5.05,0
2022-06-22,1.21,294.957,3.16,3.06,1.54,5.32,0
2022-06-23,1.21,294.957,3.09,3.01,1.56,5.38,0
2022-06-24,1.21,294.957,3.13,3.04,1.55,5.18,0
2022-06-27,1.21,294.957,3.2,3.08,1.54,5.11,0
2022-06-28,1.21,294.957,3.2,3.1,1.56,5.26,0
2022-06-29,1.21,294.957,3.1,3.06,1.58,5.62,0
2022-06-30,1.21,294.957,2.98,2.92,1.64,5.87,0
2022-07-01,1.68,294.913,2.88,2.84,1.65,5.92,0
2022-07-04,1.68,294.913,2.88,2.84,1.65,5.93,0
2022-07-05,1.68,294.913,2.82,2.82,1.67,5.99,0
2022-07-06,1.68,294.913,2.93,2.97,1.65,5.8,1
2022-07-07,1.68,294.913,3.01,3.03,1.6,5.5,1
2022-07-08,1.68,294.913,3.09,3.12,1.57,5.36,1
2022-07-11,1.68,294.913,2.99,3.07,1.58,5.44,1
2022-07-12,1.68,294.913,2.96,3.03,1.59,5.43,1
2022-07-13,1.68,294.913,2.91,3.13,1.59,5.47,1
2022-07-14,1.68,294.913,2.96,3.15,1.6,5.53,1
2022-07-15,1.68,294.913,2.93,3.13,1.58,5.39,1
2022-07-18,1.68,294.913,2.96,3.15,1.55,5.25,1
2022-07-19,1.68,294.913,3.01,3.23,1.54,5.1,1
2022-07-20,1.68,294.913,3.04,3.25,1.52,4.9,1
2022-07-21,1.68,294.913,2.91,3.1,1.52,4.99,1
2022-07-22,1.68,294.913,2.77,2.98,1.52,4.96,1
2022-07-25,1.68,294.913,2.81,3.0,1.54,4.95,1
2022-07-26,1.68,294.913,2.81,3.02,1.56,5.06,1
2022-07-27,1.68,294.913,2.78,2.96,1.55,5.07,1
2022-07-28,1.68,294.913,2.68,2.85,1.54,4.98,1
2022-07-29,1.68,294.913,2.67,2.89,1.51,4.77,1
2022-07-31,1.68,294.913,2.67,2.89,1.53,4.83,1
2022-08-01,2.33,295.097,2.6,2.9,1.52,4.8,1
2022-08-02,2.33,295.097,2.75,3.06,1.51,4.61,1
2022-08-03,2.33,295.097,2.73,3.1,1.5,4.54,1
2022-08-04,2.33,295.097,2.68,3.03,1.5,4.55,1
2022-08-05,2.33,295.097,2.83,3.24,1.49,4.44,1
2022-08-08,2.33,295.097,2.77,3.21,1.49,4.41,1
2022-08-09,2.33,295.097,2.8,3.28,1.5,4.46,1
2022-08-10,2.33,295.097,2.78,3.23,1.47,4.33,1
2022-08-11,2.33,295.097,2.87,3.23,1.42,4.21,1
2022-08-12,2.33,295.097,2.84,3.25,1.41,4.25,1
2022-08-15,2.33,295.097,2.79,3.2,1.4,4.24,1
2022-08-16,2.33,295.097,2.82,3.25,1.39,4.25,1
2022-08-17,2.33,295.097,2.89,3.28,1.41,4.33,1
2022-08-18,2.33,295.097,2.88,3.22,1.41,4.37,1
2022-08-19,2.33,295.097,2.98,3.25,1.42,4.45,1
2022-08-22,2.33,295.097,3.03,3.32,1.44,4.62,1
2022-08-23,2.33,295.097,3.05,3.29,1.45,4.68,1
2022-08-24,2.33,295.097,3.11,3.36,1.43,4.61,1
2022-08-25,2.33,295.097,3.03,3.35,1.42,4.6,1
2022-08-26,2.33,295.097,3.04,3.37,1.42,4.65,1
2022-08-29,2.33,295.097,3.12,3.42,1.44,4.78,1
2022-08-30,2.33,295.097,3.11,3.46,1.45,4.9,1
2022-08-31,2.33,295.097,3.15,3.45,1.48,5.03,1
2022-09-01,2.56,296.349,3.26,3.51,1.5,5.08,1
2022-09-02,2.56,296.349,3.2,3.4,1.5,5.06,1
2022-09-05,2.56,296.349,3.2,3.4,1.51,5.07,1
2022-09-06,2.56,296.349,3.33,3.5,1.51,4.98,1
2022-09-07,2.56,296.349,3.27,3.45,1.51,4.97,1
2022-09-08,2.56,296.349,3.29,3.48,1.49,4.8,1
2022-09-09,2.56,296.349,3.33,3.56,1.47,4.57,1
2022-09-12,2.56,296.349,3.37,3.58,1.46,4.5,1
2022-09-13,2.56,296.349,3.42,3.75,1.46,4.68,1
2022-09-14,2.56,296.349,3.41,3.78,1.46,4.74,1
2022-09-15,2.56,296.349,3.45,3.87,1.45,4.77,1
2022-09-16,2.56,296.349,3.45,3.85,1.48,5.0,1
2022-09-19,2.56,296.349,3.49,3.95,1.47,4.88,1
2022-09-20,2.56,296.349,3.57,3.96,1.47,4.88,1
2022-09-21,2.56,296.349,3.51,4.02,1.47,4.87,1
2022-09-22,2.56,296.349,3.7,4.11,1.48,4.91,1
2022-09-23,2.56,296.349,3.69,4.2,1.51,5.12,1
2022-09-26,2.56,296.349,3.88,4.27,1.54,5.18,1
2022-09-27,2.56,296.349,3.97,4.3,1.58,5.22,1
2022-09-28,2.56,296.349,3.72,4.07,1.67,5.47,1
2022-09-29,2.56,296.349,3.76,4.16,1.68,5.5,1
2022-09-30,2.56,296.349,3.83,4.22,1.67,5.43,1
2022-10-01,3.08,298.007,3.83,4.22,1.67,5.43,1
2022-10-03,3.08,298.007,3.67,4.12,1.65,5.43,1
2022-10-04,3.08,298.007,3.62,4.1,1.6,5.12,1
2022-10-05,3.08,298.007,3.76,4.15,1.61,5.09,1
2022-10-06,3.08,298.007,3.83,4.23,1.58,4.95,1
2022-10-07,3.08,298.007,3.89,4.3,1.6,5.02,1
2022-10-10,3.08,298.007,3.89,4.3,1.6,5.03,1
2022-10-11,3.08,298.007,3.93,4.3,1.67,5.25,1
2022-10-12,3.08,298.007,3.91,4.28,1.71,5.31,1
2022-10-13,3.08,298.007,3.97,4.47,1.71,5.25,1
2022-10-14,3.08,298.007,4.0,4.48,1.7,5.15,1
2022-10-17,3.08,298.007,4.02,4.45,1.7,5.04,1
2022-10-18,3.08,298.007,4.01,4.43,1.69,4.95,1
2022-10-19,3.08,298.007,4.14,4.55,1.7,4.97,1
2022-10-20,3.08,298.007,4.24,4.62,1.69,4.89,1
2022-10-21,3.08,298.007,4.21,4.49,1.71,4.99,1
2022-10-24,3.08,298.007,4.25,4.5,1.68,4.91,1
2022-10-25,3.08,298.007,4.1,4.42,1.69,4.88,1
2022-10-26,3.08,298.007,4.04,4.39,1.67,4.8,1
2022-10-27,3.08,298.007,3.96,4.3,1.68,4.76,1
2022-10-28,3.08,298.007,4.02,4.41,1.66,4.54,1
2022-10-31,3.08,298.007,4.1,4.51,1.66,4.63,1
2022-11-01,3.78,298.786,4.07,4.54,1.64,4.61,1
2022-11-02,3.78,298.786,4.1,4.61,1.62,4.62,1
2022-11-03,3.78,298.786,4.14,4.71,1.64,4.81,1
2022-11-04,3.78,298.786,4.17,4.66,1.61,4.77,1
2022-11-07,3.78,298.786,4.22,4.72,1.59,4.71,1
2022-11-08,3.78,298.786,4.14,4.67,1.6,4.79,1
2022-11-09,3.78,298.786,4.12,4.61,1.6,4.99,1
2022-11-10,3.78,298.786,3.82,4.34,1.58,4.8,1
2022-11-11,3.78,298.786,3.82,4.34,1.58,4.81,1
2022-11-14,3.78,298.786,3.88,4.4,1.52,4.67,1
2022-11-15,3.78,298.786,3.8,4.37,1.48,4.64,1
2022-11-16,3.78,298.786,3.67,4.35,1.48,4.71,1
2022-11-17,3.78,298.786,3.77,4.43,1.47,4.75,1
2022-11-18,3.78,298.786,3.82,4.51,1.45,4.65,1
2022-11-21,3.78,298.786,3.83,4.48,1.44,4.64,1
2022-11-22,3.78,298.786,3.76,4.47,1.43,4.57,1
2022-11-23,3.78,298.786,3.71,4.46,1.42,4.51,1
2022-11-24,3.78,298.786,3.71,4.46,1.42,4.51,1
2022-11-25,3.78,298.786,3.68,4.42,1.4,4.52,1
2022-11-28,3.78,298.786,3.69,4.46,1.4,4.63,1
2022-11-29,3.78,298.786,3.75,4.48,1.42,4.63,1
2022-11-30,3.78,298.786,3.68,4.38,1.42,4.55,1
2022-12-01,4.1,298.832,3.53,4.25,1.41,4.48,1
2022-12-02,4.1,298.832,3.51,4.28,1.4,4.5,1
2022-12-05,4.1,298.832,3.6,4.41,1.39,4.43,1
2022-12-06,4.1,298.832,3.51,4.34,1.39,4.57,1
2022-12-07,4.1,298.832,3.42,4.26,1.4,4.68,1
2022-12-08,4.1,298.832,3.48,4.31,1.38,4.55,1
2022-12-09,4.1,298.832,3.57,4.33,1.37,4.46,1
2022-12-12,4.1,298.832,3.61,4.39,1.37,4.4,1
2022-12-13,4.1,298.832,3.51,4.22,1.36,4.34,1
2022-12-14,4.1,298.832,3.49,4.23,1.37,4.37,1
2022-12-15,4.1,298.832,3.44,4.23,1.38,4.54,1
2022-12-16,4.1,298.832,3.48,4.17,1.39,4.67,1
2022-12-19,4.1,298.832,3.57,4.25,1.4,4.67,1
2022-12-20,4.1,298.832,3.69,4.25,1.41,4.68,1
2022-12-21,4.1,298.832,3.68,4.21,1.4,4.56,1
2022-12-22,4.1,298.832,3.67,4.24,1.39,4.61,1
2022-12-23,4.1,298.832,3.75,4.31,1.38,4.59,1
2022-12-26,4.1,298.832,3.75,4.31,1.38,4.59,1
2022-12-27,4.1,298.832,3.84,4.32,1.38,4.55,1
2022-12-28,4.1,298.832,3.88,4.31,1.4,4.77,1
2022-12-29,4.1,298.832,3.83,4.34,1.38,4.81,1
2022-12-30,4.1,298.832,3.88,4.41,1.38,4.79,1
2022-12-31,4.1,298.832,3.88,4.41,1.38,4.81,1
2023-01-01,4.33,300.42,3.88,4.41,1.38,4.81,1
2023-01-02,4.33,300.42,3.88,4.41,1.38,4.81,1
2023-01-03,4.33,300.42,3.79,4.4,1.4,4.7,1
2023-01-04,4.33,300.42,3.69,4.36,1.4,4.62,1
2023-01-05,4.33,300.42,3.71,4.45,1.4,4.58,1
2023-01-06,4.33,300.42,3.55,4.24,1.4,4.47,1
2023-01-09,4.33,300.42,3.53,4.19,1.37,4.37,1
2023-01-10,4.33,300.42,3.61,4.24,1.35,4.33,1
2023-01-11,4.33,300.42,3.54,4.2,1.34,4.3,1
2023-01-12,4.33,300.42,3.43,4.12,1.33,4.29,1
2023-01-13,4.33,300.42,3.49,4.22,1.32,4.21,1
2023-01-16,4.33,300.42,3.49,4.22,1.32,4.19,1
2023-01-17,4.33,300.42,3.53,4.18,1.3,4.19,1
2023-01-18,4.33,300.42,3.37,4.06,1.29,4.25,1
2023-01-19,4.33,300.42,3.39,4.09,1.3,4.39,1
2023-01-20,4.33,300.42,3.48,4.14,1.29,4.35,1
2023-01-23,4.33,300.42,3.52,4.21,1.28,4.27,1
2023-01-24,4.33,300.42,3.46,4.12,1.29,4.33,1
2023-01-25,4.33,300.42,3.46,4.11,1.28,4.35,1
2023-01-26,4.33,300.42,3.49,4.17,1.26,4.24,1
2023-01-27,4.33,300.42,3.52,4.19,1.25,4.23,1
2023-01-30,4.33,300.42,3.55,4.25,1.25,4.26,1
2023-01-31,4.33,300.42,3.52,4.21,1.25,4.3,1
2023-02-01,4.57,301.45,3.39,4.09,1.25,4.31,1
2023-02-02,4.57,301.45,3.4,4.09,1.21,3.94,1
2023-02-03,4.57,301.45,3.53,4.3,1.2,3.95,1
2023-02-06,4.57,301.45,3.63,4.44,1.2,3.99,1
2023-02-07,4.57,301.45,3.67,4.47,1.2,3.99,1
2023-02-08,4.57,301.45,3.63,4.45,1.2,4.07,1
2023-02-09,4.57,301.45,3.67,4.48,1.2,4.05,1
2023-02-10,4.57,301.45,3.74,4.5,1.23,4.24,1
2023-02-13,4.57,301.45,3.72,4.52,1.24,4.23,1
2023-02-14,4.57,301.45,3.77,4.6,1.23,4.15,1
2023-02-15,4.57,301.45,3.81,4.62,1.23,4.18,1
2023-02-16,4.57,301.45,3.86,4.62,1.23,4.24,1
2023-02-17,4.57,301.45,3.82,4.6,1.26,4.38,1
2023-02-20,4.57,301.45,3.82,4.6,1.26,4.38,1
2023-02-21,4.57,301.45,3.95,4.67,1.28,4.49,1
2023-02-22,4.57,301.45,3.93,4.66,1.28,4.41,1
2023-02-23,4.57,301.45,3.88,4.66,1.28,4.3,1
2023-02-24,4.57,301.45,3.95,4.78,1.28,4.28,1
2023-02-27,4.57,301.45,3.92,4.78,1.28,4.21,1
2023-02-28,4.57,301.45,3.92,4.81,1.3,4.22,1
2023-03-01,4.65,301.821,4.01,4.89,1.29,4.17,1
2023-03-02,4.65,301.821,4.08,4.89,1.27,4.18,1
2023-03-03,4.65,301.821,3.97,4.86,1.25,4.05,1
2023-03-06,4.65,301.821,3.98,4.89,1.24,3.97,1
2023-03-07,4.65,301.821,3.97,5.0,1.25,3.98,1
2023-03-08,4.65,301.821,3.98,5.05,1.27,4.09,1
2023-03-09,4.65,301.821,3.93,4.9,1.3,4.27,1
2023-03-10,4.65,301.821,3.7,4.6,1.37,4.61,1
2023-03-13,4.65,301.821,3.55,4.03,1.51,5.03,1
2023-03-14,4.65,301.821,3.64,4.2,1.5,4.74,1
2023-03-15,4.65,301.821,3.51,3.93,1.64,5.2,1
2023-03-16,4.65,301.821,3.56,4.14,1.61,4.93,1
2023-03-17,4.65,301.821,3.39,3.81,1.62,5.17,1
2023-03-20,4.65,301.821,3.47,3.92,1.62,5.15,1
2023-03-21,4.65,301.821,3.59,4.17,1.52,4.85,1
2023-03-22,4.65,301.821,3.48,3.96,1.5,5.0,1
2023-03-23,4.65,301.821,3.38,3.76,1.52,5.1,1
2023-03-24,4.65,301.821,3.38,3.76,1.54,5.22,1
2023-03-27,4.65,301.821,3.53,3.94,1.52,5.03,1
2023-03-28,4.65,301.821,3.55,4.02,1.52,5.01,1
2023-03-29,4.65,301.821,3.57,4.08,1.5,4.83,1
2023-03-30,4.65,301.821,3.55,4.1,1.46,4.74,1
2023-03-31,4.65,301.821,3.48,4.06,1.45,4.58,1
2023-04-01,4.83,302.845,3.48,4.06,1.45,4.58,1
2023-04-03,4.83,302.845,3.43,3.97,1.43,4.58,1
2023-04-04,4.83,302.845,3.35,3.84,1.43,4.73,1
2023-04-05,4.83,302.845,3.3,3.79,1.45,4.84,1
2023-04-06,4.83,302.845,3.3,3.82,1.46,4.84,1
2023-04-07,4.83,302.845,3.39,3.97,1.46,4.84,1
2023-04-10,4.83,302.845,3.41,4.0,1.45,4.7,1
2023-04-11,4.83,302.845,3.43,4.03,1.44,4.63,1
2023-04-12,4.83,302.845,3.41,3.95,1.43,4.62,1
2023-04-13,4.83,302.845,3.45,3.96,1.42,4.49,1
2023-04-14,4.83,302.845,3.52,4.08,1.39,4.43,1
2023-04-17,4.83,302.845,3.6,4.18,1.38,4.41,1
2023-04-18,4.83,302.845,3.58,4.19,1.37,4.37,1
2023-04-19,4.83,302.845,3.6,4.24,1.37,4.41,1
2023-04-20,4.83,302.845,3.54,4.14,1.38,4.54,1
2023-04-21,4.83,302.845,3.57,4.17,1.38,4.46,1
2023-04-24,4.83,302.845,3.52,4.12,1.38,4.48,1
2023-04-25,4.83,302.845,3.4,3.86,1.4,4.64,1
2023-04-26,4.83,302.845,3.43,3.9,1.41,4.63,1
2023-04-27,4.83,302.845,3.53,4.07,1.39,4.48,1
2023-04-28,4.83,302.845,3.44,4.04,1.4,4.5,1
2023-04-30,4.83,302.845,3.44,4.04,1.41,4.53,1
2023-05-01,5.06,303.334,3.59,4.14,1.4,4.45,1
2023-05-02,5.06,303.334,3.44,3.97,1.44,4.7,1
2023-05-03,5.06,303.334,3.38,3.89,1.45,4.79,1
2023-05-04,5.06,303.334,3.37,3.75,1.51,4.95,1
2023-05-05,5.06,303.334,3.44,3.92,1.48,4.77,1
2023-05-08,5.06,303.334,3.52,4.0,1.49,4.72,1
2023-05-09,5.06,303.334,3.53,4.01,1.49,4.74,1
2023-05-10,5.06,303.334,3.43,3.9,1.49,4.78,1
2023-05-11,5.06,303.334,3.39,3.89,1.49,4.81,1
2023-05-12,5.06,303.334,3.46,3.98,1.48,4.76,1
2023-05-15,5.06,303.334,3.5,3.99,1.49,4.77,1
2023-05-16,5.06,303.334,3.54,4.06,1.49,4.79,1
2023-05-17,5.06,303.334,3.57,4.12,1.49,4.75,1
2023-05-18,5.06,303.334,3.65,4.24,1.47,4.69,1
2023-05-19,5.06,303.334,3.7,4.28,1.45,4.62,1
2023-05-22,5.06,303.334,3.72,4.29,1.44,4.54,1
2023-05-23,5.06,303.334,3.7,4.26,1.44,4.6,1
2023-05-24,5.06,303.334,3.73,4.31,1.44,4.68,1
2023-05-25,5.06,303.334,3.83,4.5,1.42,4.58,1
2023-05-26,5.06,303.334,3.8,4.54,1.41,4.53,1
2023-05-29,5.06,303.334,3.8,4.54,1.41,4.54,1
2023-05-30,5.06,303.334,3.69,4.46,1.4,4.58,1
2023-05-31,5.06,303.334,3.64,4.4,1.42,4.69,1
2023-06-01,5.08,304.014,3.61,4.33,1.42,4.65,1
2023-06-02,5.08,304.014,3.69,4.5,1.39,4.37,1
2023-06-05,5.08,304.014,3.69,4.46,1.39,4.39,1
2023-06-06,5.08,304.014,3.7,4.51,1.39,4.39,1
2023-06-07,5.08,304.014,3.79,4.56,1.39,4.33,1
2023-06-08,5.08,304.014,3.73,4.52,1.4,4.39,1
2023-06-09,5.08,304.014,3.75,4.59,1.4,4.29,1
2023-06-12,5.08,304.014,3.73,4.55,1.41,4.34,1
2023-06-13,5.08,304.014,3.84,4.67,1.39,4.18,1
2023-06-14,5.08,304.014,3.83,4.74,1.38,4.18,1
2023-06-15,5.08,304.014,3.72,4.62,1.37,4.21,1
2023-06-16,5.08,304.014,3.77,4.7,1.35,4.15,1
2023-06-19,5.08,304.014,3.77,4.7,1.35,4.15,1
2023-06-20,5.08,304.014,3.74,4.68,1.35,4.22,1
2023-06-21,5.08,304.014,3.72,4.68,1.35,4.32,1
2023-06-22,5.08,304.014,3.8,4.77,1.34,4.3,1
2023-06-23,5.08,304.014,3.74,4.71,1.35,4.4,1
2023-06-26,5.08,304.014,3.72,4.65,1.36,4.45,1
2023-06-27,5.08,304.014,3.77,4.74,1.34,4.3,1
2023-06-28,5.08,304.014,3.71,4.71,1.34,4.27,1
2023-06-29,5.08,304.014,3.85,4.87,1.31,4.14,1
2023-06-30,5.08,304.014,3.81,4.87,1.3,4.05,1
2023-07-01,5.12,304.609,3.81,4.87,1.3,4.05,1
2023-07-03,5.12,304.609,3.86,4.94,1.29,3.99,1
2023-07-04,5.12,304.609,3.86,4.94,1.29,3.99,1
2023-07-05,5.12,304.609,3.95,4.94,1.28,4.01,1
2023-07-06,5.12,304.609,4.05,4.99,1.29,4.1,1
2023-07-07,5.12,304.609,4.06,4.94,1.28,4.08,1
2023-07-10,5.12,304.609,4.01,4.85,1.29,4.13,1
2023-07-11,5.12,304.609,3.99,4.88,1.28,4.05,1
2023-07-12,5.12,304.609,3.86,4.72,1.27,3.95,1
2023-07-13,5.12,304.609,3.76,4.59,1.27,3.97,1
2023-07-14,5.12,304.609,3.83,4.74,1.28,3.9,1
2023-07-17,5.12,304.609,3.81,4.74,1.29,3.97,1
2023-07-18,5.12,304.609,3.8,4.74,1.28,3.9,1
2023-07-19,5.12,304.609,3.75,4.74,1.28,3.89,1
2023-07-20,5.12,304.609,3.85,4.8,1.27,3.9,1
2023-07-21,5.12,304.609,3.84,4.82,1.26,3.89,1
2023-07-24,5.12,304.609,3.86,4.81,1.25,3.82,1
2023-07-25,5.12,304.609,3.91,4.85,1.24,3.84,1
2023-07-26,5.12,304.609,3.86,4.82,1.23,3.91,1
2023-07-27,5.12,304.609,4.01,4.91,1.2,3.78,1
2023-07-28,5.12,304.609,3.96,4.87,1.19,3.82,1
2023-07-31,5.12,304.609,3.97,4.88,1.19,3.79,1
2023-08-01,5.33,306.082,4.05,4.92,1.19,3.82,1
2023-08-02,5.33,306.082,4.08,4.88,1.21,3.96,1
2023-08-03,5.33,306.082,4.2,4.9,1.22,3.98,1
2023-08-04,5.33,306.082,4.05,4.78,1.22,4.01,1
2023-08-07,5.33,306.082,4.09,4.76,1.22,3.97,1
2023-08-08,5.33,306.082,4.02,4.74,1.23,4.0,1
2023-08-09,5.33,306.082,4.0,4.79,1.23,3.94,1
2023-08-10,5.33,306.082,4.09,4.82,1.22,3.83,1
2023-08-11,5.33,306.082,4.16,4.89,1.22,3.83,1
2023-08-14,5.33,306.082,4.19,4.96,1.22,3.79,1
2023-08-15,5.33,306.082,4.21,4.92,1.23,3.85,1
2023-08-16,5.33,306.082,4.28,4.97,1.25,3.81,1
2023-08-17,5.33,306.082,4.3,4.94,1.26,3.95,1
2023-08-18,5.33,306.082,4.26,4.92,1.27,4.02,1
2023-08-21,5.33,306.082,4.34,4.97,1.26,3.97,1
2023-08-22,5.33,306.082,4.34,5.02,1.25,3.93,1
2023-08-23,5.33,306.082,4.19,4.95,1.25,3.92,1
2023-08-24,5.33,306.082,4.23,4.98,1.23,3.91,1
2023-08-25,5.33,306.082,4.25,5.03,1.23,3.9,1
2023-08-28,5.33,306.082,4.2,4.98,1.22,3.86,1
2023-08-29,5.33,306.082,4.12,4.87,1.22,3.87,1
2023-08-30,5.33,306.082,4.12,4.9,1.22,3.8,1
2023-08-31,5.33,306.082,4.09,4.85,1.22,3.85,1
2023-09-01,5.33,307.276,4.18,4.87,1.22,3.81,1
2023-09-04,5.33,307.276,4.18,4.87,1.22,3.81,1
2023-09-05,5.33,307.276,4.27,4.94,1.22,3.83,1
2023-09-06,5.33,307.276,4.3,5.01,1.23,3.86,1
2023-09-07,5.33,307.276,4.27,4.94,1.23,3.9,1
2023-09-08,5.33,307.276,4.26,4.98,1.23,3.85,1
2023-09-11,5.33,307.276,4.29,4.97,1.23,3.82,1
2023-09-12,5.33,307.276,4.27,4.98,1.23,3.84,1
2023-09-13,5.33,307.276,4.25,4.96,1.24,3.85,1
2023-09-14,5.33,307.276,4.29,5.0,1.23,3.78,1
2023-09-15,5.33,307.276,4.33,5.02,1.22,3.79,1
2023-09-18,5.33,307.276,4.32,5.05,1.22,3.82,1
2023-09-19,5.33,307.276,4.37,5.08,1.21,3.82,1
2023-09-20,5.33,307.276,4.35,5.12,1.2,3.77,1
2023-09-21,5.33,307.276,4.49,5.12,1.2,3.89,1
2023-09-22,5.33,307.276,4.44,5.1,1.2,3.93,1
2023-09-25,5.33,307.276,4.55,5.09,1.19,3.97,1
2023-09-26,5.33,307.276,4.56,5.04,1.2,4.04,1
2023-09-27,5.33,307.276,4.61,5.1,1.21,4.03,1
2023-09-28,5.33,307.276,4.59,5.04,1.23,4.09,1
2023-09-29,5.33,307.276,4.59,5.03,1.24,4.03,1
2023-09-30,5.33,307.276,4.59,5.03,1.25,4.03,1
2023-10-01,5.33,307.696,4.59,5.03,1.25,4.03,1
2023-10-02,5.33,307.696,4.69,5.12,1.26,4.11,1
2023-10-03,5.33,307.696,4.81,5.15,1.28,4.26,1
2023-10-04,5.33,307.696,4.73,5.05,1.29,4.37,1
2023-10-05,5.33,307.696,4.72,5.03,1.29,4.38,1
2023-10-06,5.33,307.696,4.78,5.08,1.29,4.33,1
2023-10-09,5.33,307.696,4.78,5.08,1.29,4.34,1
2023-10-10,5.33,307.696,4.66,4.96,1.29,4.26,1
2023-10-11,5.33,307.696,4.58,4.99,1.27,4.25,1
2023-10-12,5.33,307.696,4.7,5.06,1.26,4.25,1
2023-10-13,5.33,307.696,4.63,5.04,1.27,4.3,1
2023-10-16,5.33,307.696,4.71,5.09,1.27,4.27,1
2023-10-17,5.33,307.696,4.83,5.19,1.27,4.25,1
2023-10-18,5.33,307.696,4.91,5.19,1.29,4.32,1
2023-10-19,5.33,307.696,4.98,5.14,1.31,4.37,1
2023-10-20,5.33,307.696,4.93,5.07,1.33,4.52,1
2023-10-23,5.33,307.696,4.86,5.05,1.33,4.51,1
2023-10-24,5.33,307.696,4.83,5.02,1.31,4.41,1
2023-10-25,5.33,307.696,4.95,5.08,1.3,4.37,1
2023-10-26,5.33,307.696,4.86,5.02,1.3,4.5,1
2023-10-27,5.33,307.696,4.84,4.99,1.31,4.53,1
2023-10-30,5.33,307.696,4.88,5.03,1.32,4.5,1
2023-10-31,5.33,307.696,4.88,5.07,1.32,4.42,1
2023-11-01,5.33,308.148,4.77,4.95,1.33,4.47,1
2023-11-02,5.33,308.148,4.67,4.98,1.29,4.15,1
2023-11-03,5.33,308.148,4.57,4.83,1.29,4.04,1
2023-11-06,5.33,308.148,4.67,4.93,1.28,4.0,1
2023-11-07,5.33,308.148,4.58,4.91,1.29,4.08,1
2023-11-08,5.33,308.148,4.49,4.93,1.28,4.08,1
2023-11-09,5.33,308.148,4.62,5.03,1.27,4.04,1
2023-11-10,5.33,308.148,4.61,5.04,1.26,4.03,1
2023-11-13,5.33,308.148,4.63,5.02,1.25,4.03,1
2023-11-14,5.33,308.148,4.44,4.8,1.23,3.92,1
2023-11-15,5.33,308.148,4.53,4.9,1.22,3.89,1
2023-11-16,5.33,308.148,4.45,4.83,1.21,4.02,1
2023-11-17,5.33,308.148,4.44,4.88,1.2,3.99,1
2023-11-20,5.33,308.148,4.42,4.89,1.18,3.92,1
2023-11-21,5.33,308.148,4.41,4.86,1.17,3.95,1
2023-11-22,5.33,308.148,4.42,4.89,1.15,3.9,1
2023-11-23,5.33,308.148,4.42,4.89,1.15,3.9,1
2023-11-24,5.33,308.148,4.47,4.92,1.14,3.85,1
2023-11-27,5.33,308.148,4.39,4.84,1.14,3.89,1
2023-11-28,5.33,308.148,4.34,4.73,1.14,3.9,1
2023-11-29,5.33,308.148,4.27,4.64,1.11,3.8,1
2023-11-30,5.33,308.148,4.37,4.73,1.11,3.84,1
2023-12-01,5.33,308.741,4.22,4.56,1.11,3.87,1
2023-12-04,5.33,308.741,4.28,4.64,1.1,3.8,1
2023-12-05,5.33,308.741,4.18,4.57,1.11,3.8,1
2023-12-06,5.33,308.741,4.12,4.6,1.12,3.79,1
2023-12-07,5.33,308.741,4.14,4.58,1.11,3.77,1
2023-12-08,5.33,308.741,4.23,4.71,1.1,3.75,1
2023-12-11,5.33,308.741,4.23,4.71,1.1,3.79,1
2023-12-12,5.33,308.741,4.2,4.73,1.09,3.76,1
2023-12-13,5.33,308.741,4.04,4.46,1.08,3.79,1
2023-12-14,5.33,308.741,3.92,4.37,1.04,3.47,1
2023-12-15,5.33,308.741,3.91,4.44,1.04,3.51,1
2023-12-18,5.33,308.741,3.95,4.43,1.05,3.51,1
2023-12-19,5.33,308.741,3.93,4.41,1.05,3.46,1
2023-12-20,5.33,308.741,3.86,4.34,1.06,3.43,1
2023-12-21,5.33,308.741,3.89,4.33,1.07,3.41,1
2023-12-22,5.33,308.741,3.9,4.31,1.07,3.39,1
2023-12-25,5.33,308.741,3.9,4.31,1.07,3.39,1
2023-12-26,5.33,308.741,3.89,4.26,1.06,3.37,1
2023-12-27,5.33,308.741,3.79,4.2,1.05,3.34,1
2023-12-28,5.33,308.741,3.84,4.26,1.04,3.32,1
2023-12-29,5.33,308.741,3.88,4.23,1.04,3.34,1
2023-12-31,5.33,308.741,3.88,4.23,1.04,3.39,1
2024-01-01,5.33,309.698,3.88,4.23,1.04,3.39,1
2024-01-02,5.33,309.698,3.95,4.33,1.06,3.54,1
2024-01-03,5.33,309.698,3.91,4.33,1.09,3.71,1
2024-01-04,5.33,309.698,3.99,4.38,1.09,3.69,1
2024-01-05,5.33,309.698,4.05,4.4,1.09,3.68,1
2024-01-08,5.33,309.698,4.01,4.36,1.08,3.63,1
2024-01-09,5.33,309.698,4.02,4.36,1.06,3.59,1
2024-01-10,5.33,309.698,4.04,4.37,1.04,3.5,1
2024-01-11,5.33,309.698,3.98,4.26,1.03,3.55,1
2024-01-12,5.33,309.698,3.96,4.14,1.02,3.56,1
2024-01-15,5.33,309.698,3.96,4.14,1.02,3.54,1
2024-01-16,5.33,309.698,4.07,4.22,1.02,3.58,1
2024-01-17,5.33,309.698,4.1,4.34,1.02,3.62,1
2024-01-18,5.33,309.698,4.14,4.34,1.01,3.58,1
2024-01-19,5.33,309.698,4.15,4.39,1.01,3.54,1
2024-01-22,5.33,309.698,4.11,4.37,1.01,3.49,1
2024-01-23,5.33,309.698,4.14,4.31,1.01,3.51,1
2024-01-24,5.33,309.698,4.18,4.34,0.99,3.44,1
2024-01-25,5.33,309.698,4.14,4.28,0.98,3.45,1
2024-01-26,5.33,309.698,4.15,4.34,0.97,3.39,1
2024-01-29,5.33,309.698,4.08,4.29,0.98,3.41,1
2024-01-30,5.33,309.698,4.06,4.36,1.0,3.42,1
2024-01-31,5.33,309.698,3.99,4.27,1.02,3.59,1
2024-02-01,5.33,310.967,3.87,4.2,1.04,3.56,1
2024-02-02,5.33,310.967,4.03,4.36,1.02,3.47,1
2024-02-05,5.33,310.967,4.17,4.46,1.0,3.5,1
2024-02-06,5.33,310.967,4.09,4.39,1.0,3.52,1
2024-02-07,5.33,310.967,4.09,4.41,1.0,3.43,1
2024-02-08,5.33,310.967,4.15,4.46,0.99,3.38,1
2024-02-09,5.33,310.967,4.17,4.48,1.0,3.33,1
2024-02-12,5.33,310.967,4.17,4.46,1.0,3.35,1
2024-02-13,5.33,310.967,4.31,4.64,0.99,3.36,1
2024-02-14,5.33,310.967,4.27,4.56,0.98,3.38,1
2024-02-15,5.33,310.967,4.24,4.56,0.97,3.35,1
2024-02-16,5.33,310.967,4.3,4.64,0.96,3.34,1
2024-02-19,5.33,310.967,4.3,4.64,0.96,3.34,1
2024-02-20,5.33,310.967,4.27,4.59,0.96,3.37,1
2024-02-21,5.33,310.967,4.32,4.64,0.94,3.34,1
2024-02-22,5.33,310.967,4.33,4.69,0.93,3.22,1
2024-02-23,5.33,310.967,4.26,4.67,0.95,3.23,1
2024-02-26,5.33,310.967,4.28,4.69,0.96,3.23,1
2024-02-27,5.33,310.967,4.31,4.7,0.96,3.26,1
2024-02-28,5.33,310.967,4.27,4.64,0.98,3.31,1
2024-02-29,5.33,310.967,4.25,4.64,1.0,3.29,1
2024-03-01,5.33,312.345,4.19,4.54,1.01,3.32,1
2024-03-04,5.33,312.345,4.22,4.61,1.0,3.26,1
2024-03-05,5.33,312.345,4.13,4.54,1.01,3.31,1
2024-03-06,5.33,312.345,4.11,4.55,1.01,3.27,1
2024-03-07,5.33,312.345,4.09,4.5,1.0,3.27,1
2024-03-08,5.33,312.345,4.09,4.48,0.99,3.26,1
2024-03-11,5.33,312.345,4.1,4.51,0.98,3.26,1
2024-03-12,5.33,312.345,4.16,4.58,0.97,3.2,1
2024-03-13,5.33,312.345,4.19,4.61,0.95,3.15,1
2024-03-14,5.33,312.345,4.29,4.68,0.94,3.15,1
2024-03-15,5.33,312.345,4.31,4.72,0.93,3.16,1
2024-03-18,5.33,312.345,4.34,4.73,0.92,3.13,1
2024-03-19,5.33,312.345,4.3,4.68,0.92,3.1,1
2024-03-20,5.33,312.345,4.27,4.59,0.92,3.14,1
2024-03-21,5.33,312.345,4.27,4.62,0.91,3.05,1
2024-03-22,5.33,312.345,4.22,4.59,0.92,3.08,1
2024-03-25,5.33,312.345,4.25,4.54,0.92,3.11,1
2024-03-26,5.33,312.345,4.24,4.56,0.93,3.15,1
2024-03-27,5.33,312.345,4.2,4.54,0.94,3.15,1
2024-03-28,5.33,312.345,4.2,4.59,0.93,3.12,1
2024-03-29,5.33,312.345,4.2,4.59,0.93,3.12,1
2024-03-31,5.33,312.345,4.2,4.59,0.94,3.15,1
2024-04-01,5.33,313.023,4.33,4.72,0.93,3.12,1
2024-04-02,5.33,313.023,4.36,4.7,0.93,3.23,1
2024-04-03,5.33,313.023,4.36,4.68,0.92,3.23,1
2024-04-04,5.33,313.023,4.31,4.65,0.92,3.24,1
2024-04-05,5.33,313.023,4.39,4.73,0.92,3.18,1
2024-04-08,5.33,313.023,4.42,4.78,0.91,3.15,1
2024-04-09,5.33,313.023,4.36,4.74,0.91,3.14,1
2024-04-10,5.33,313.023,4.55,4.97,0.89,3.1,1
2024-04-11,5.33,313.023,4.56,4.93,0.89,3.16,1
2024-04-12,5.33,313.023,4.5,4.88,0.92,3.25,1
2024-04-15,5.33,313.023,4.63,4.93,0.92,3.28,1
2024-04-16,5.33,313.023,4.67,4.97,0.95,3.36,1
2024-04-17,5.33,313.023,4.59,4.93,0.95,3.42,1
2024-04-18,5.33,313.023,4.64,4.98,0.94,3.39,1
2024-04-19,5.33,313.023,4.62,4.97,0.94,3.37,1
2024-04-22,5.33,313.023,4.62,4.97,0.93,3.29,1
2024-04-23,5.33,313.023,4.61,4.86,0.92,3.2,1
2024-04-24,5.33,313.023,4.65,4.89,0.92,3.19,1
2024-04-25,5.33,313.023,4.7,4.96,0.92,3.24,1
2024-04-26,5.33,313.023,4.67,4.96,0.9,3.16,1
2024-04-29,5.33,313.023,4.63,4.97,0.9,3.12,1
2024-04-30,5.33,313.023,4.69,5.04,0.91,3.18,1
2024-05-01,5.33,313.175,4.63,4.96,0.91,3.21,1
2024-05-02,5.33,313.175,4.58,4.87,0.9,3.16,1
2024-05-03,5.33,313.175,4.5,4.81,0.89,3.08,1
2024-05-06,5.33,313.175,4.49,4.82,0.88,3.03,1
2024-05-07,5.33,313.175,4.47,4.82,0.88,3.06,1
2024-05-08,5.33,313.175,4.48,4.84,0.89,3.1,1
2024-05-09,5.33,313.175,4.45,4.8,0.89,3.14,1
2024-05-10,5.33,313.175,4.5,4.87,0.89,3.12,1
2024-05-13,5.33,313.175,4.48,4.85,0.9,3.14,1
2024-05-14,5.33,313.175,4.45,4.81,0.9,3.14,1
2024-05-15,5.33,313.175,4.36,4.73,0.9,3.13,1
2024-05-16,5.33,313.175,4.38,4.78,0.89,3.08,1
2024-05-17,5.33,313.175,4.42,4.83,0.89,3.09,1
2024-05-20,5.33,313.175,4.44,4.82,0.88,3.07,1
2024-05-21,5.33,313.175,4.41,4.82,0.89,3.07,1
2024-05-22,5.33,313.175,4.43,4.86,0.89,3.11,1
2024-05-23,5.33,313.175,4.47,4.91,0.89,3.1,1
2024-05-24,5.33,313.175,4.46,4.93,0.89,3.11,1
2024-05-27,5.33,313.175,4.46,4.93,0.89,3.12,1
2024-05-28,5.33,313.175,4.54,4.94,0.88,3.09,1
2024-05-29,5.33,313.175,4.61,4.96,0.88,3.15,1
2024-05-30,5.33,313.175,4.55,4.92,0.88,3.19,1
2024-05-31,5.33,313.175,4.51,4.89,0.88,3.2,1
2024-06-01,5.33,313.044,4.51,4.89,0.88,3.2,1
2024-06-03,5.33,313.044,4.41,4.82,0.88,3.17,1
2024-06-04,5.33,313.044,4.33,4.77,0.9,3.22,1
2024-06-05,5.33,313.044,4.29,4.72,0.91,3.2,1
2024-06-06,5.33,313.044,4.28,4.72,0.92,3.2,1
2024-06-07,5.33,313.044,4.43,4.87,0.9,3.15,1
2024-06-10,5.33,313.044,4.47,4.87,0.9,3.15,1
2024-06-11,5.33,313.044,4.39,4.81,0.91,3.19,1
2024-06-12,5.33,313.044,4.31,4.75,0.9,3.09,1
2024-06-13,5.33,313.044,4.24,4.68,0.92,3.2,1
2024-06-14,5.33,313.044,4.2,4.67,0.95,3.29,1
2024-06-17,5.33,313.044,4.28,4.75,0.95,3.26,1
2024-06-18,5.33,313.044,4.22,4.69,0.96,3.24,1
2024-06-19,5.33,313.044,4.22,4.69,0.96,3.24,1
2024-06-20,5.33,313.044,4.25,4.7,0.96,3.23,1
2024-06-21,5.33,313.044,4.25,4.7,0.96,3.21,1
2024-06-24,5.33,313.044,4.25,4.71,0.96,3.19,1
2024-06-25,5.33,313.044,4.23,4.65,0.96,3.19,1
2024-06-26,5.33,313.044,4.32,4.71,0.97,3.18,1
2024-06-27,5.33,313.044,4.29,4.7,0.96,3.21,1
2024-06-28,5.33,313.044,4.36,4.71,0.96,3.18,1
2024-06-30,5.33,313.044,4.36,4.71,0.96,3.21,1
2024-07-01,5.33,313.569,4.48,4.77,0.94,3.21,1
2024-07-02,5.33,313.569,4.43,4.74,0.93,3.23,1
2024-07-03,5.33,313.569,4.36,4.71,0.93,3.25,1
2024-07-04,5.33,313.569,4.36,4.71,0.93,3.25,1
2024-07-05,5.33,313.569,4.28,4.6,0.92,3.27,1
2024-07-08,5.33,313.569,4.28,4.62,0.92,3.2,1
2024-07-09,5.33,313.569,4.3,4.62,0.92,3.21,1
2024-07-10,5.33,313.569,4.28,4.62,0.92,3.17,1
2024-07-11,5.33,313.569,4.2,4.5,0.93,3.18,1
2024-07-12,5.33,313.569,4.18,4.45,0.92,3.19,1
2024-07-15,5.33,313.569,4.23,4.44,0.92,3.13,1
2024-07-16,5.33,313.569,4.17,4.43,0.92,3.08,1
2024-07-17,5.33,313.569,4.16,4.42,0.93,3.09,1
2024-07-18,5.33,313.569,4.2,4.46,0.93,3.09,1
2024-07-19,5.33,313.569,4.25,4.49,0.93,3.09,1
2024-07-22,5.33,313.569,4.26,4.5,0.93,3.05,1
2024-07-23,5.33,313.569,4.25,4.4,0.93,3.02,1
2024-07-24,5.33,313.569,4.28,4.37,0.96,3.1,1
2024-07-25,5.33,313.569,4.27,4.41,0.95,3.08,1
2024-07-26,5.33,313.569,4.2,4.36,0.95,3.1,1
2024-07-29,5.33,313.569,4.17,4.36,0.95,3.13,1
2024-07-30,5.33,313.569,4.15,4.35,0.96,3.2,1
2024-07-31,5.33,313.569,4.09,4.29,0.97,3.25,1
2024-08-01,5.33,314.062,3.99,4.16,1.0,3.35,1
2024-08-02,5.33,314.062,3.8,3.88,1.06,3.72,1
2024-08-05,5.33,314.062,3.78,3.89,1.12,3.93,1
2024-08-06,5.33,314.062,3.9,3.99,1.08,3.67,1
2024-08-07,5.33,314.062,3.96,4.0,1.07,3.57,1
2024-08-08,5.33,314.062,3.99,4.04,1.05,3.48,1
2024-08-09,5.33,314.062,3.94,4.05,1.05,3.49,1
2024-08-12,5.33,314.062,3.9,4.01,1.05,3.52,1
2024-08-13,5.33,314.062,3.85,3.93,1.04,3.54,1
2024-08-14,5.33,314.062,3.83,3.94,1.02,3.46,1
2024-08-15,5.33,314.062,3.92,4.08,0.98,3.31,1
2024-08-16,5.33,314.062,3.89,4.06,0.98,3.29,1
2024-08-19,5.33,314.062,3.86,4.06,0.97,3.21,1
2024-08-20,5.33,314.062,3.82,3.99,0.98,3.25,1
2024-08-21,5.33,314.062,3.79,3.92,0.98,3.27,1
2024-08-22,5.33,314.062,3.86,3.99,0.97,3.21,1
2024-08-23,5.33,314.062,3.81,3.9,0.96,3.19,1
2024-08-26,5.33,314.062,3.82,3.91,0.96,3.15,1
2024-08-27,5.33,314.062,3.83,3.83,0.96,3.17,0
2024-08-28,5.33,314.062,3.84,3.83,0.96,3.19,0
2024-08-29,5.33,314.062,3.87,3.87,0.96,3.15,0
2024-08-30,5.33,314.062,3.91,3.91,0.95,3.13,0
2024-08-31,5.33,314.062,3.91,3.91,0.96,3.17,0
2024-09-01,5.13,314.732,3.91,3.91,0.96,3.17,0
2024-09-02,5.13,314.732,3.91,3.91,0.96,3.17,0
2024-09-03,5.13,314.732,3.84,3.88,0.98,3.31,1
2024-09-04,5.13,314.732,3.77,3.76,0.99,3.35,0
2024-09-05,5.13,314.732,3.73,3.75,0.99,3.29,1
2024-09-06,5.13,314.732,3.72,3.66,0.99,3.39,0
2024-09-09,5.13,314.732,3.7,3.68,0.99,3.36,0
2024-09-10,5.13,314.732,3.65,3.59,1.01,3.46,0
2024-09-11,5.13,314.732,3.65,3.62,1.01,3.44,0
2024-09-12,5.13,314.732,3.68,3.64,0.99,3.39,0
2024-09-13,5.13,314.732,3.66,3.57,0.99,3.37,0
2024-09-16,5.13,314.732,3.63,3.56,0.98,3.32,0
2024-09-17,5.13,314.732,3.65,3.59,0.97,3.25,0
2024-09-18,5.13,314.732,3.7,3.61,0.95,3.21,0
2024-09-19,5.13,314.732,3.73,3.59,0.93,3.1,0
2024-09-20,5.13,314.732,3.73,3.55,0.93,3.15,0
2024-09-23,5.13,314.732,3.75,3.57,0.92,3.15,0
2024-09-24,5.13,314.732,3.74,3.49,0.92,3.21,0
2024-09-25,5.13,314.732,3.79,3.53,0.92,3.19,0
2024-09-26,5.13,314.732,3.79,3.6,0.92,3.14,0
2024-09-27,5.13,314.732,3.75,3.55,0.92,3.14,0
2024-09-30,5.13,314.732,3.81,3.66,0.92,3.03,0
2024-10-01,4.83,315.631,3.74,3.61,0.92,3.07,0
2024-10-02,4.83,315.631,3.79,3.63,0.91,3.06,0
2024-10-03,4.83,315.631,3.85,3.7,0.9,3.04,0
2024-10-04,4.83,315.631,3.98,3.93,0.87,2.89,0
2024-10-07,4.83,315.631,4.03,3.99,0.86,2.95,0
2024-10-08,4.83,315.631,4.04,3.98,0.87,2.99,0
2024-10-09,4.83,315.631,4.06,3.99,0.85,2.94,0
2024-10-10,4.83,315.631,4.09,3.98,0.84,2.99,0
2024-10-11,4.83,315.631,4.08,3.95,0.84,2.98,0
2024-10-14,4.83,315.631,4.08,3.95,0.84,2.97,0
2024-10-15,4.83,315.631,4.03,3.95,0.83,2.93,0
2024-10-16,4.83,315.631,4.02,3.93,0.83,2.9,0
2024-10-17,4.83,315.631,4.09,3.96,0.83,2.89,0
2024-10-18,4.83,315.631,4.08,3.95,0.83,2.88,0
2024-10-21,4.83,315.631,4.19,4.02,0.85,2.88,0
2024-10-22,4.83,315.631,4.2,4.03,0.85,2.92,0
2024-10-23,4.83,315.631,4.24,4.07,0.86,2.95,0
2024-10-24,4.83,315.631,4.21,4.07,0.86,2.93,0
2024-10-25,4.83,315.631,4.25,4.11,0.85,2.89,0
2024-10-28,4.83,315.631,4.28,4.12,0.84,2.82,0
2024-10-29,4.83,315.631,4.28,4.11,0.84,2.85,0
2024-10-30,4.83,315.631,4.29,4.15,0.84,2.8,0
2024-10-31,4.83,315.631,4.28,4.16,0.86,2.88,0
2024-11-01,4.64,316.528,4.37,4.21,0.86,2.83,0
2024-11-04,4.64,316.528,4.31,4.17,0.86,2.87,0
2024-11-05,4.64,316.528,4.26,4.19,0.84,2.86,0
2024-11-06,4.64,316.528,4.42,4.27,0.8,2.74,0
2024-11-07,4.64,316.528,4.31,4.21,0.78,2.73,0
2024-11-08,4.64,316.528,4.3,4.26,0.77,2.63,0
2024-11-11,4.64,316.528,4.3,4.26,0.77,2.63,0
2024-11-12,4.64,316.528,4.43,4.34,0.77,2.61,0
2024-11-13,4.64,316.528,4.44,4.27,0.78,2.64,0
2024-11-14,4.64,316.528,4.43,4.34,0.8,2.6,0
2024-11-15,4.64,316.528,4.43,4.31,0.8,2.72,0
2024-11-18,4.64,316.528,4.42,4.29,0.8,2.72,0
2024-11-19,4.64,316.528,4.39,4.27,0.8,2.69,0
2024-11-20,4.64,316.528,4.41,4.31,0.81,2.67,0
2024-11-21,4.64,316.528,4.43,4.34,0.81,2.61,0
2024-11-22,4.64,316.528,4.41,4.37,0.8,2.61,0
2024-11-25,4.64,316.528,4.27,4.21,0.8,2.64,0
2024-11-26,4.64,316.528,4.3,4.21,0.81,2.68,0
2024-11-27,4.64,316.528,4.25,4.19,0.82,2.69,0
2024-11-28,4.64,316.528,4.25,4.19,0.82,2.69,0
2024-11-29,4.64,316.528,4.18,4.13,0.82,2.72,0
2024-11-30,4.64,316.528,4.18,4.13,0.83,2.74,0
2024-12-01,4.48,317.604,4.18,4.13,0.83,2.74,0
2024-12-02,4.48,317.604,4.19,4.17,0.81,2.68,0
2024-12-03,4.48,317.604,4.23,4.17,0.8,2.66,0
2024-12-04,4.48,317.604,4.19,4.13,0.8,2.66,0
2024-12-05,4.48,317.604,4.17,4.15,0.81,2.66,0
2024-12-06,4.48,317.604,4.15,4.1,0.81,2.67,0
2024-12-09,4.48,317.604,4.2,4.13,0.81,2.67,0
2024-12-10,4.48,317.604,4.22,4.15,0.8,2.67,0
2024-12-11,4.48,317.604,4.26,4.15,0.78,2.64,0
2024-12-12,4.48,317.604,4.32,4.18,0.79,2.66,0
2024-12-13,4.48,317.604,4.4,4.25,0.78,2.68,0
2024-12-16,4.48,317.604,4.39,4.25,0.78,2.69,0
2024-12-17,4.48,317.604,4.4,4.25,0.79,2.75,0
2024-12-18,4.48,317.604,4.5,4.35,0.79,2.73,0
2024-12-19,4.48,317.604,4.57,4.32,0.82,2.91,0
2024-12-20,4.48,317.604,4.52,4.3,0.82,2.86,0
2024-12-23,4.48,317.604,4.59,4.3,0.82,2.85,0
2024-12-24,4.48,317.604,4.59,4.29,0.82,2.86,0
2024-12-25,4.48,317.604,4.59,4.29,0.82,2.86,0
2024-12-26,4.48,317.604,4.58,4.3,0.81,2.86,0
2024-12-27,4.48,317.604,4.62,4.31,0.81,2.84,0
2024-12-30,4.48,317.604,4.55,4.24,0.82,2.94,0
2024-12-31,4.48,317.604,4.58,4.25,0.82,2.92,0
