date,ewma_annualised_vol
2017-01-04,0.02308167509725977
2017-01-05,0.02308167509725977
2017-01-06,0.023870095615885312
2017-01-09,0.027500644915094415
2017-01-10,0.02711473231996062
2017-01-11,0.026289097071924627
2017-01-12,0.03107339461291918
2017-01-13,0.030629698242609336
2017-01-17,0.03025236919224484
2017-01-18,0.03089491921996017
2017-01-19,0.030864012776661495
2017-01-20,0.03354273139343893
2017-01-23,0.0356168746459209
2017-01-24,0.03538189027837947
2017-01-25,0.03633068843449908
2017-01-26,0.04031659394139883
2017-01-27,0.03958562980985903
2017-01-30,0.03964736913118839
2017-01-31,0.043225630066624235
2017-02-01,0.044272547623076045
2017-02-02,0.04396522036950498
2017-02-03,0.04273435751891548
2017-02-06,0.04567191964629009
2017-02-07,0.04433557673638683
2017-02-08,0.04317441237573057
2017-02-09,0.043125961020966344
2017-02-10,0.04430673333949468
2017-02-13,0.046221490553223776
2017-02-14,0.051940670736732586
2017-02-15,0.051388773534850836
2017-02-16,0.05358774219209745
2017-02-17,0.0523625392753407
2017-02-21,0.05076852379156256
2017-02-22,0.0539117446672233
2017-02-23,0.052274433477620556
2017-02-24,0.05077856918285464
2017-02-27,0.04940809987478265
2017-02-28,0.048745772567975715
2017-03-01,0.047325105780324186
2017-03-02,0.06413469714598978
2017-03-03,0.06656522902166008
2017-03-06,0.06468313989786327
2017-03-07,0.06294818067623531
2017-03-08,0.06145863111363507
2017-03-09,0.06119990362314075
2017-03-10,0.05939264717051851
2017-03-13,0.05870149352817001
2017-03-14,0.05691634318465008
2017-03-15,0.05650943800726937
2017-03-16,0.0625721367333252
2017-03-17,0.061066273573506934
2017-03-20,0.0595008506606106
2017-03-21,0.05773877207496365
2017-03-22,0.0641932377726239
2017-03-23,0.06263998171366254
2017-03-24,0.060997683618486405
2017-03-27,0.059394298371758025
2017-03-28,0.0585164592322937
2017-03-29,0.062266939254385104
2017-03-30,0.06051101800998852
2017-03-31,0.058838766998389795
2017-04-03,0.058021621202308374
2017-04-04,0.056364355851847445
2017-04-05,0.056135243689161715
2017-04-06,0.05445932443245204
2017-04-07,0.0528555304280865
2017-04-10,0.05155245457231358
2017-04-11,0.051123416120526344
2017-04-12,0.04966556526917069
2017-04-13,0.048878258201536594
2017-04-17,0.05339054562889935
2017-04-18,0.05796823171768665
2017-04-19,0.05839774174376801
2017-04-20,0.05899633756850968
2017-04-21,0.06321406031519289
2017-04-24,0.061553118817768655
2017-04-25,0.07246986130116993
2017-04-26,0.07590854574187594
2017-04-27,0.07362522567976763
2017-04-28,0.07138577571883122
2017-05-01,0.069546828391437
2017-05-02,0.0678224637182339
2017-05-03,0.06575774941016477
2017-05-04,0.06380456773453319
2017-05-05,0.06356332187724426
2017-05-08,0.06206391078035921
2017-05-09,0.061762339087438
2017-05-10,0.06029057483387122
2017-05-11,0.059015162124894764
2017-05-12,0.05722004029951459
2017-05-15,0.055649740942968026
2017-05-16,0.056124242509164736
2017-05-17,0.05457225509027929
2017-05-18,0.07593941055629182
2017-05-19,0.07524474317057493
2017-05-22,0.07497023727957655
2017-05-23,0.07359688665949521
2017-05-24,0.0718984223373964
2017-05-25,0.07102645723981489
2017-05-26,0.07110905914996003
2017-05-30,0.06896086909894478
2017-05-31,0.06760797560701474
2017-06-01,0.06744412215089028
2017-06-02,0.06872334866646708
2017-06-05,0.06813847151738094
2017-06-06,0.06607489027955508
2017-06-07,0.06443345745327185
2017-06-08,0.06271388800648339
2017-06-09,0.06080937298538329
2017-06-12,0.059796440722562356
2017-06-13,0.05925546482142962
2017-06-14,0.06114971667440926
2017-06-15,0.05928885164457693
2017-06-16,0.05762677394604413
2017-06-19,0.05827027257533086
2017-06-20,0.06114879813490455
2017-06-21,0.06107136924017731
2017-06-22,0.060258256334712476
2017-06-23,0.058440477510529595
2017-06-26,0.056765919941482675
2017-06-27,0.05520056171244075
2017-06-28,0.05992713823212616
2017-06-29,0.06299044263071898
2017-06-30,0.06760655141561041
2017-07-03,0.06576033885111165
2017-07-05,0.06423103845749283
2017-07-06,0.0628538788888215
2017-07-07,0.06484400586396918
2017-07-10,0.06430510367566104
2017-07-11,0.06266704481525993
2017-07-12,0.060759562951557704
2017-07-13,0.06368165601537504
2017-07-14,0.061952275039669914
2017-07-17,0.061047625575419824
2017-07-18,0.05921462291779767
2017-07-19,0.05764745787201869
2017-07-20,0.05867871398187134
2017-07-21,0.05700944218248219
2017-07-24,0.05582815664147019
2017-07-25,0.054135493122020505
2017-07-26,0.057804743753766735
2017-07-27,0.056524839292903216
2017-07-28,0.054803148272200036
2017-07-31,0.05318920107458082
2017-08-01,0.05159114490167946
2017-08-02,0.05235030619192818
2017-08-03,0.05207783960251391
2017-08-04,0.050530576690618875
2017-08-07,0.05111709139534737
2017-08-08,0.05074639919005107
2017-08-09,0.049203296609457894
2017-08-10,0.048333724519663966
2017-08-11,0.060346231232191065
2017-08-14,0.05852946859657798
2017-08-15,0.061200457678959895
2017-08-16,0.05940340125202006
2017-08-17,0.057622683688734216
2017-08-18,0.06887979917446448
2017-08-21,0.06679003941254291
2017-08-22,0.06478892119087136
2017-08-23,0.07003102149383239
2017-08-24,0.06895086814630993
2017-08-25,0.06703223512594256
2017-08-28,0.06516747155433626
2017-08-29,0.06344666458862254
2017-08-30,0.06220700917171076
2017-08-31,0.06137571584268917
2017-09-01,0.06218900588102859
2017-09-05,0.06042128355871623
2017-09-06,0.060222319455285174
2017-09-07,0.05930712061485949
2017-09-08,0.05880492757581716
2017-09-11,0.05883061680901534
2017-09-12,0.06678750959982105
2017-09-13,0.06489818565337811
2017-09-14,0.06302344858859778
2017-09-15,0.06111558912264046
2017-09-18,0.059555109261297104
2017-09-19,0.057825140747756076
2017-09-20,0.05658808096398749
2017-09-21,0.054885231901616524
2017-09-22,0.05496402684224427
2017-09-25,0.05351175804396011
2017-09-26,0.053290724422378616
2017-09-27,0.05171395797128085
2017-09-28,0.05073245151666363
2017-09-29,0.05041381979993458
2017-10-02,0.04984378530739123
2017-10-03,0.04935694104486562
2017-10-04,0.048895192856050054
2017-10-05,0.04765821664224866
2017-10-06,0.05027864088210545
2017-10-09,0.04875686010834967
2017-10-10,0.0472766720217791
2017-10-11,0.045897358572881575
2017-10-12,0.046012590887461
2017-10-13,0.044634031790200764
2017-10-16,0.0440312236111356
2017-10-17,0.04675261679111825
2017-10-18,0.047289002900563454
2017-10-19,0.04588507726552225
2017-10-20,0.04514601552833187
2017-10-23,0.04498173852934059
2017-10-24,0.04413592826771724
2017-10-25,0.046799727379304434
2017-10-26,0.04704609313499099
2017-10-27,0.046170510621623036
2017-10-30,0.07376298493111345
2017-10-31,0.07170427921857468
2017-11-01,0.06952037089143553
2017-11-02,0.06770485727972589
2017-11-03,0.06596990204127905
2017-11-06,0.06530810948105531
2017-11-07,0.06414318927964704
2017-11-08,0.06235264983035737
2017-11-09,0.06045391888870402
2017-11-10,0.05906762846510825
2017-11-13,0.057745048872169455
2017-11-14,0.05716443955302528
2017-11-15,0.05545167418931552
2017-11-16,0.05793250269410863
2017-11-17,0.058377505947104266
2017-11-20,0.057728949081914435
2017-11-21,0.056374235306281356
2017-11-22,0.060627126130006405
2017-11-24,0.05879697591391216
2017-11-27,0.05808218418645035
2017-11-28,0.05665924458822456
2017-11-29,0.0644921699570142
2017-11-30,0.06318528223824008
2017-12-01,0.07278879505020104
2017-12-04,0.07057260957093853
2017-12-05,0.06964317099201699
2017-12-06,0.06813716702610005
2017-12-07,0.06623984924040899
2017-12-08,0.0645359079195592
2017-12-11,0.06534880458414352
2017-12-12,0.06359906409238081
2017-12-13,0.061682197354930475
2017-12-14,0.061974398681976905
2017-12-15,0.06142516296806491
2017-12-18,0.06461143579516927
2017-12-19,0.06370493101180996
2017-12-20,0.0637714228649466
2017-12-21,0.06188384246223806
2017-12-22,0.06392351517940403
2017-12-26,0.06202546085533345
2017-12-27,0.06013785734037062
2017-12-28,0.05899186516180862
2017-12-29,0.05784336761821643
2018-01-02,0.059006454249069404
2018-01-03,0.0599027094477382
2018-01-04,0.05927624040404965
2018-01-05,0.06033621883632817
2018-01-08,0.06247669844732931
2018-01-09,0.06100427173107782
2018-01-10,0.059199009596813415
2018-01-11,0.05756737812948767
2018-01-12,0.06193257258302244
2018-01-16,0.0625843764744359
2018-01-17,0.06083852015827308
2018-01-18,0.061443875285718756
2018-01-19,0.05978080785179238
2018-01-22,0.05945384300120569
2018-01-23,0.0653151504059719
2018-01-24,0.06336433336056947
2018-01-25,0.061548760332739816
2018-01-26,0.06115018696404329
2018-01-29,0.06442906697417111
2018-01-30,0.07120689296546542
2018-01-31,0.07645118187010524
2018-02-01,0.07444867254056757
2018-02-02,0.07218913713721581
2018-02-05,0.1083880490265922
2018-02-06,0.17155195440876955
2018-02-07,0.179900439251219
2018-02-08,0.1777100994980704
2018-02-09,0.2114900060214312
2018-02-12,0.2104533963504917
2018-02-13,0.20965339908299568
2018-02-14,0.20350259853981345
2018-02-15,0.2012293053320575
2018-02-16,0.1984608695456882
2018-02-20,0.19241495974417677
2018-02-21,0.1876798923523833
2018-02-22,0.18338843110219485
2018-02-23,0.17887036820558946
2018-02-26,0.1835893919959782
2018-02-27,0.18162140740380797
2018-02-28,0.18080836436969935
2018-03-01,0.1818446508275608
2018-03-02,0.18093572116746065
2018-03-05,0.1754441064739839
2018-03-06,0.17536800677201744
2018-03-07,0.17005484451100983
2018-03-08,0.16508687435263772
2018-03-09,0.16077629184185274
2018-03-12,0.16467610098017862
2018-03-13,0.15990730399339662
2018-03-14,0.15600866276400438
2018-03-15,0.1520533113125713
2018-03-16,0.14802954348889233
2018-03-19,0.1439590394706316
2018-03-20,0.15190606653045505
2018-03-21,0.14754390134215892
2018-03-22,0.14305093617331785
2018-03-23,0.16126854411967162
2018-03-26,0.16898752913390377
2018-03-27,0.18691186027633153
2018-03-28,0.18827859387596466
2018-03-29,0.18347381093930124
2018-04-02,0.18291826005982995
2018-04-03,0.18808500393107705
2018-04-04,0.18756988341976247
2018-04-05,0.1843922038609047
2018-04-06,0.18251996184347744
2018-04-09,0.18931363120880862
2018-04-10,0.18378074221016244
2018-04-11,0.18806880974694062
2018-04-12,0.18318644235943207
2018-04-13,0.1788590694087022
2018-04-16,0.17345463449744364
2018-04-17,0.17029813409611375
2018-04-18,0.16799422291953864
2018-04-19,0.16306057172961033
2018-04-20,0.1584685434070897
2018-04-23,0.15707098685190937
2018-04-24,0.15245547991492503
2018-04-25,0.15724689370805828
2018-04-26,0.1524749644875251
2018-04-27,0.1602488669931771
2018-04-30,0.1555548805054975
2018-05-01,0.1526388206857517
2018-05-02,0.14807364570008133
2018-05-03,0.14377332440048676
2018-05-04,0.13943238187979445
2018-05-07,0.1397081272659711
2018-05-08,0.13598447803419197
2018-05-09,0.13184184921437697
2018-05-10,0.13215429130618306
2018-05-11,0.13327131432689437
2018-05-14,0.13003107169460973
2018-05-15,0.12612439382980828
2018-05-16,0.1269155595158836
2018-05-17,0.12312896375205405
2018-05-18,0.11961937126875007
2018-05-21,0.115996234398338
2018-05-22,0.11773637855236677
2018-05-23,0.11524310767259459
2018-05-24,0.11320696308741128
2018-05-25,0.11070868726853825
2018-05-29,0.10780441766366787
2018-05-30,0.10801276932027863
2018-05-31,0.11374294520009014
2018-06-01,0.11279786149413025
2018-06-04,0.11204275852231652
2018-06-05,0.10886442322433582
2018-06-06,0.10556137722005776
2018-06-07,0.10464992432629318
2018-06-08,0.10231488854350979
2018-06-11,0.09962927932111883
2018-06-12,0.09670235382754337
2018-06-13,0.0938456123444869
2018-06-14,0.09177978271207
2018-06-15,0.08937928726665431
2018-06-18,0.08857994380637212
2018-06-19,0.0858817133544197
2018-06-20,0.08458692189124223
2018-06-21,0.08201905514438139
2018-06-22,0.08211899278894652
2018-06-25,0.07988235735849002
2018-06-26,0.0881268861258527
2018-06-27,0.0866456926245223
2018-06-28,0.08514317346243871
2018-06-29,0.08398623216216212
2018-07-02,0.08159714351022451
2018-07-03,0.08023089275575869
2018-07-05,0.07994903967189987
2018-07-06,0.08183978073660383
2018-07-09,0.08156898914728312
2018-07-10,0.0851680268373318
2018-07-11,0.08420332515634062
2018-07-12,0.08709322181880552
2018-07-13,0.09193314758361211
2018-07-16,0.08948498200319752
2018-07-17,0.08676806562545368
2018-07-18,0.08533391540881632
2018-07-19,0.08274961046837694
2018-07-20,0.08173906001056841
2018-07-23,0.07980059835184189
2018-07-24,0.07743730835149822
2018-07-25,0.08243618040757811
2018-07-26,0.08392439790944985
2018-07-27,0.09351921049919855
2018-07-30,0.09110432903555546
2018-07-31,0.09106417237712575
2018-08-01,0.089046692009233
2018-08-02,0.0865802060706161
2018-08-03,0.08565909915808329
2018-08-06,0.08388329243648938
2018-08-07,0.08300098714047255
2018-08-08,0.08145006775730625
2018-08-09,0.07906477135856506
2018-08-10,0.07692874297806129
2018-08-13,0.07658533160007061
2018-08-14,0.07629482010657661
2018-08-15,0.07528171719785104
2018-08-16,0.07794130479813338
2018-08-17,0.08115115525222157
2018-08-20,0.08002187153348128
2018-08-21,0.07769899644835011
2018-08-22,0.07543056877742293
2018-08-23,0.0732391128435589
2018-08-24,0.0713458614422611
2018-08-27,0.07150337463994624
2018-08-28,0.07711555075005039
2018-08-29,0.07483671233456501
2018-08-30,0.07503472942247033
2018-08-31,0.07327564453964347
2018-09-04,0.07125323002446055
2018-09-05,0.0690850604284034
2018-09-06,0.06713628668884775
2018-09-07,0.0664999397054088
2018-09-10,0.06502275148381438
2018-09-11,0.0631347889100844
2018-09-12,0.06581398409948261
2018-09-13,0.06381832479224918
2018-09-14,0.06336824657170753
2018-09-17,0.06153163882832117
2018-09-18,0.06103686294485228
2018-09-19,0.06072910918276889
2018-09-20,0.06153921886273894
2018-09-21,0.06539199777481779
2018-09-24,0.06340827015775655
2018-09-25,0.062161864263947805
2018-09-26,0.06063228556588862
2018-09-27,0.06059648963636099
2018-09-28,0.05962454417293987
2018-10-01,0.058255328143036855
2018-10-02,0.05854722389280771
2018-10-03,0.05740388714394148
2018-10-04,0.05565811947279174
2018-10-05,0.06227140703260517
2018-10-08,0.06271200959375174
2018-10-09,0.06081547229904533
2018-10-10,0.059045091858805465
2018-10-11,0.1146770524939209
2018-10-12,0.12461887202569552
2018-10-15,0.12473820485396041
2018-10-16,0.12155887430351912
2018-10-17,0.13600434227291622
2018-10-18,0.1319099506836386
2018-10-19,0.13632064361987808
2018-10-22,0.13286907210261578
2018-10-23,0.13002581411962785
2018-10-24,0.131394992591769
2018-10-25,0.15407519873384123
2018-10-26,0.16365944704598373
2018-10-29,0.17084962821891367
2018-10-30,0.1681614224495733
2018-10-31,0.16905719790701842
2018-11-01,0.17125690787571657
2018-11-02,0.16815662702707634
2018-11-05,0.16317188408537642
2018-11-06,0.1586572800108115
2018-11-07,0.154823724834621
2018-11-08,0.16844567122831275
2018-11-09,0.1637090932731363
2018-11-12,0.16219827197001768
2018-11-13,0.17283715543846268
2018-11-14,0.1680514526820636
2018-11-15,0.16475033559594068
2018-11-16,0.16372965059688585
2018-11-19,0.1590506267827374
2018-11-20,0.16345143450794178
2018-11-21,0.17349856135164896
2018-11-23,0.16828820694915442
2018-11-26,0.1664835028656222
2018-11-27,0.17085925235293495
2018-11-28,0.16610764069370973
2018-11-29,0.17954057260905645
2018-11-30,0.17408649557583974
2018-12-03,0.17183320098282157
2018-12-04,0.17279774362711262
2018-12-06,0.19447775498055353
2018-12-07,0.18866287157411202
2018-12-10,0.1942504383538011
2018-12-11,0.18836829532253774
2018-12-12,0.18264029149246525
2018-12-13,0.17785911252422928
2018-12-14,0.1730908797744909
2018-12-17,0.18208460567838386
2018-12-18,0.19316719955715858
2018-12-19,0.18752976324838483
2018-12-20,0.19254681560475057
2018-12-21,0.19241115121444438
2018-12-24,0.20144241823809983
2018-12-26,0.21558814505072182
2018-12-27,0.26672541241251657
2018-12-28,0.26032186460086465
2018-12-31,0.2526363047807849
2019-01-02,0.24654668062612317
2019-01-03,0.23977546347196033
2019-01-04,0.24614891986268206
2019-01-07,0.2593096347944126
2019-01-08,0.2518610893354723
2019-01-09,0.24583473954791726
2019-01-10,0.2386370928100426
2019-01-11,0.23154383837818251
2019-01-14,0.22454489359448473
2019-01-15,0.21811120452365285
2019-01-16,0.2148768916928117
2019-01-17,0.20999165710728504
2019-01-18,0.20428192645885004
2019-01-22,0.20262135472656737
2019-01-23,0.203055670065238
2019-01-24,0.1970115120822046
2019-01-25,0.19118116492136467
2019-01-28,0.18727474834748642
2019-01-29,0.18612931186819076
2019-01-30,0.1805213753159899
2019-01-31,0.18738707620133446
2019-02-01,0.18790568033521887
2019-02-04,0.1822298275200037
2019-02-05,0.17828876249251274
2019-02-06,0.17358003736982178
2019-02-07,0.16859389582083562
2019-02-08,0.1655345311271185
2019-02-11,0.16056555189897412
2019-02-12,0.1561313941148613
2019-02-13,0.15851777393564967
2019-02-14,0.15392098599132018
2019-02-15,0.14941471976559473
2019-02-19,0.15126842939838211
2019-02-20,0.14694030305114952
2019-02-21,0.14281857139437443
2019-02-22,0.13954208994972583
2019-02-25,0.1365793175171316
2019-02-26,0.13287632752187262
2019-02-27,0.1289818261657256
2019-02-28,0.12631745037855907
2019-03-01,0.12399327924999631
2019-03-04,0.12198570486013577
2019-03-05,0.11827185106840361
2019-03-06,0.115076848073161
2019-03-07,0.11230331383296918
2019-03-08,0.11226490399949841
2019-03-11,0.10885045826577343
2019-03-12,0.11458219766779784
2019-03-13,0.11207838656466694
2019-03-14,0.1108487644780833
2019-03-15,0.10754369277320407
2019-03-18,0.10462869041968455
2019-03-19,0.10280129566746134
2019-03-20,0.09968290086596371
2019-03-21,0.09680791711842011
2019-03-22,0.09944813720849094
2019-03-25,0.11040905930225167
2019-03-26,0.10710229261802422
2019-03-27,0.10514307380135093
2019-03-28,0.10283119084863618
2019-03-29,0.10014170501132273
2019-04-01,0.10011549203610037
2019-04-02,0.10226371709105364
2019-04-03,0.09937147857178115
2019-04-04,0.09641517452875537
2019-04-05,0.09442173466101655
2019-04-08,0.0928609709354232
2019-04-09,0.09040887150115302
2019-04-10,0.08927094212137916
2019-04-11,0.08661069608857308
2019-04-12,0.08411411501767757
2019-04-15,0.08156663886468804
2019-04-16,0.07909104493202636
2019-04-17,0.07670933567634586
2019-04-18,0.07642734220794263
2019-04-22,0.075153793174915
2019-04-23,0.07483590151608019
2019-04-24,0.07531010300375403
2019-04-25,0.0766041286356255
2019-04-26,0.07599813521407983
2019-04-29,0.07643566976128126
2019-04-30,0.07415713106349921
2019-05-01,0.07228455802886469
2019-05-02,0.07374421248540028
2019-05-03,0.07323908718360989
2019-05-06,0.0793496514109714
2019-05-07,0.07745037256719428
2019-05-08,0.08872637711789966
2019-05-09,0.0864301255664635
2019-05-10,0.08384389572388677
2019-05-13,0.08247152463738992
2019-05-14,0.10715603828450723
2019-05-15,0.10487658609320719
2019-05-16,0.10408332987810287
2019-05-17,0.10329280894179893
2019-05-20,0.10146819463924729
2019-05-21,0.09930252352533067
2019-05-22,0.09803243056336573
2019-05-23,0.0957266540253834
2019-05-24,0.09810634580769034
2019-05-28,0.09561381670051912
2019-05-29,0.09643730505582832
2019-05-30,0.09735125570215891
2019-05-31,0.09475593690275215
2019-06-03,0.10140804494040707
2019-06-04,0.10041603173018393
2019-06-05,0.11546000513533258
2019-06-06,0.1152224103430396
2019-06-07,0.11521020239067002
2019-06-10,0.11837739718569495
2019-06-11,0.11675102684612436
2019-06-12,0.11342046818091395
2019-06-13,0.11034625639831402
2019-06-14,0.10867203270706605
2019-06-17,0.10592989303467708
2019-06-18,0.10358757072777859
2019-06-19,0.10527877988742437
2019-06-20,0.10222962626978295
2019-06-21,0.10390899205885232
2019-06-24,0.10075082245383571
2019-06-25,0.09779240584307657
2019-06-26,0.09954763439339208
2019-06-27,0.09659108125533386
2019-06-28,0.09398506378322936
2019-07-01,0.09248309216544628
2019-07-02,0.09155579470083319
2019-07-03,0.08961835828345624
2019-07-05,0.09032646938467806
2019-07-08,0.08803634051531106
2019-07-09,0.08544387870122686
2019-07-10,0.08301838188343033
2019-07-11,0.08194500263006846
2019-07-12,0.08116785866088538
2019-07-15,0.08201255231567445
2019-07-16,0.079534054991729
2019-07-17,0.07810278817559461
2019-07-18,0.07827096168860966
2019-07-19,0.07612507354370128
2019-07-22,0.07652320447550369
2019-07-23,0.07504295687499689
2019-07-24,0.07467603808021954
2019-07-25,0.07241044120826422
2019-07-26,0.07192520453481359
2019-07-29,0.06993358609324819
2019-07-30,0.06845949298028775
2019-07-31,0.0663855160023134
2019-08-01,0.07393136773938082
2019-08-02,0.07845250662348564
2019-08-05,0.07920660604662207
2019-08-06,0.11657732217677469
2019-08-07,0.12165982338050825
2019-08-08,0.11798229540283235
2019-08-09,0.12948317176714447
2019-08-12,0.12750627744532952
2019-08-13,0.12788657328417577
2019-08-14,0.13385749387731613
2019-08-15,0.1594968334605049
2019-08-16,0.15508874453200217
2019-08-19,0.15449478338155198
2019-08-20,0.15289588239692717
2019-08-21,0.14906400634361547
2019-08-22,0.1461580244922876
2019-08-23,0.14214978158398106
2019-08-26,0.1578339058958383
2019-08-27,0.15608045923651587
2019-08-28,0.15145202523182663
2019-08-29,0.1485089602370731
2019-08-30,0.15054425763706378
2019-09-03,0.14603017857459583
2019-09-04,0.1426832107223599
2019-09-05,0.1418250481931147
2019-09-06,0.1417118104884179
2019-09-09,0.13739469989769557
2019-09-10,0.1339477963683591
2019-09-11,0.13014531414799538
2019-09-12,0.12899225619509572
2019-09-13,0.12506857916611436
2019-09-16,0.12126196993490829
2019-09-17,0.11783905277656204
2019-09-18,0.11437522766265648
2019-09-19,0.11122781801073309
2019-09-20,0.1078456946039726
2019-09-23,0.10472362342159564
2019-09-24,0.10160305508180699
2019-09-25,0.10397484760750396
2019-09-26,0.10140918622348737
2019-09-27,0.10049010041681805
2019-09-30,0.09778603814636236
2019-10-01,0.0953962154076277
2019-10-02,0.09997194250342739
2019-10-03,0.10955650918742378
2019-10-04,0.10787121080430494
2019-10-07,0.11494472319642776
2019-10-08,0.11275006250915581
2019-10-09,0.11730673172930049
2019-10-10,0.11649597128708443
2019-10-11,0.11464648739429395
2019-10-14,0.11704071224928893
2019-10-15,0.11348667514791107
2019-10-16,0.11601320174613618
2019-10-17,0.11248554665809393
2019-10-18,0.1106383664660261
2019-10-21,0.11046591637607721
2019-10-22,0.11242811209010008
2019-10-23,0.1096413353351714
2019-10-24,0.10750977476139145
2019-10-25,0.10425725187833032
2019-10-28,0.10281697699250517
2019-10-29,0.10059493958421417
2019-10-30,0.09777029710565634
2019-10-31,0.09585726652185013
2019-11-01,0.09297531766423892
2019-11-04,0.09749819438634072
2019-11-05,0.0953502636885418
2019-11-06,0.09278492252595553
2019-11-07,0.09014925331710807
2019-11-08,0.08776820908096038
2019-11-11,0.08510903346560174
2019-11-12,0.0837408037994257
2019-11-13,0.08155547056143428
2019-11-14,0.07911440085999964
2019-11-15,0.07675712340147342
2019-11-18,0.08173230453653337
2019-11-19,0.07934630947921274
2019-11-20,0.07816262395844213
2019-11-21,0.07630086139209184
2019-11-22,0.07400214487648718
2019-11-25,0.07206469837358558
2019-11-26,0.0726953584047719
2019-11-27,0.07124210996157482
2019-11-29,0.06990792216605611
2019-12-02,0.06896501720675804
2019-12-03,0.0730944864695421
2019-12-04,0.074606613293737
2019-12-05,0.07603387610338248
2019-12-06,0.07386268822952739
2019-12-09,0.07759060846241657
2019-12-10,0.07560153567409723
2019-12-11,0.07333413478485809
2019-12-12,0.07149334691945203
2019-12-13,0.07239496521058811
2019-12-16,0.07025337470866115
2019-12-17,0.07256821850907513
2019-12-18,0.07103112537169447
2019-12-19,0.06887203081349992
2019-12-20,0.06779191079372451
2019-12-23,0.06696951114827415
2019-12-24,0.06506798040618599
2019-12-26,0.06313716872814319
2019-12-27,0.06742784979497729
2019-12-30,0.06538035708482873
2019-12-31,0.0669238636136696
2020-01-02,0.06541700827585911
2020-01-03,0.07451766396321718
2020-01-06,0.07517762446751275
2020-01-07,0.07437485911794625
2020-01-08,0.07347098006433474
2020-01-09,0.07249165549688048
2020-01-10,0.07476180178148308
2020-01-13,0.07299282376749909
2020-01-14,0.07302504967695783
2020-01-15,0.0710761865497981
2020-01-16,0.07001570972847573
2020-01-17,0.07365910077828129
2020-01-21,0.07170561219182017
2020-01-22,0.07036084192501281
2020-01-23,0.0684643109829753
2020-01-24,0.06637947869780551
2020-01-27,0.06958954791179346
2020-01-28,0.0785131475475816
2020-01-29,0.08187538633779126
2020-01-30,0.07977465069870128
2020-01-31,0.07775961269324927
2020-02-03,0.09757117238438057
2020-02-04,0.09465516872414269
2020-02-05,0.10182695322149639
2020-02-06,0.1112052550032631
2020-02-07,0.10786426375111274
2020-02-10,0.10571817290514464
2020-02-11,0.10461736787376612
2020-02-12,0.10144650451817885
2020-02-13,0.10238283790405474
2020-02-14,0.0992983709533974
2020-02-18,0.09630362758882358
2020-02-19,0.09342747947899811
2020-02-20,0.09181686964791921
2020-02-21,0.08971318638092879
2020-02-24,0.09098426214088581
2020-02-25,0.14428054718530525
2020-02-26,0.16769133403210182
2020-02-27,0.163120045465739
2020-02-28,0.2209213893624663
2020-03-02,0.21474072048518106
2020-03-03,0.2558845742911883
2020-03-04,0.26311205147675004
2020-03-05,0.29276004102636993
2020-03-06,0.29829468997734876
2020-03-09,0.29354479130656835
2020-03-10,0.3966821319523779
2020-03-11,0.4079923056819726
2020-03-12,0.4279153669662421
2020-03-13,0.5327734649886711
2020-03-16,0.6001979538646208
2020-03-17,0.7046931085821354
2020-03-18,0.703218622933212
2020-03-19,0.723649117409835
2020-03-20,0.7030115880744122
2020-03-23,0.6954582343488122
2020-03-24,0.6806627754379357
2020-03-25,0.7459753927171489
2020-03-26,0.7245070616165495
2020-03-27,0.731793724867913
2020-03-30,0.7205888287118233
2020-03-31,0.7099632844651832
2020-04-01,0.6896325265856753
2020-04-02,0.6814116736050541
2020-04-03,0.6702230526831032
2020-04-06,0.6523080774193517
2020-04-07,0.6617310611470391
2020-04-08,0.6415728849807126
2020-04-09,0.6329403791818753
2020-04-13,0.6149526345960609
2020-04-14,0.5973810075890537
2020-04-15,0.5839429772324393
2020-04-16,0.5678756022867384
2020-04-17,0.5507152903267982
2020-04-20,0.5425945274543341
2020-04-21,0.5304722715833773
2020-04-22,0.5210860997964866
2020-04-23,0.5106057547813317
2020-04-24,0.4959105529275978
2020-04-27,0.48231832837489974
2020-04-28,0.46851814930461594
2020-04-29,0.4545261666598999
2020-04-30,0.4475073291563894
2020-05-01,0.4342364324892426
2020-05-04,0.4313866288671344
2020-05-05,0.41879688249205016
2020-05-06,0.4067889245741431
2020-05-07,0.39620649746221137
2020-05-08,0.38535948999720915
2020-05-11,0.37893158956913375
2020-05-12,0.36790859840943735
2020-05-13,0.3620627112834263
2020-05-14,0.35537535019560085
2020-05-15,0.34902364894315197
2020-05-18,0.3384228443727813
2020-05-19,0.34370850686331755
2020-05-20,0.3374114428476467
2020-05-21,0.33345350645957
2020-05-22,0.3244291233860801
2020-05-26,0.31465299850615525
2020-05-27,0.30969697489237935
2020-05-28,0.30663481521581687
2020-05-29,0.2980325325594737
2020-06-01,0.2890818077249595
2020-06-02,0.28136243295418517
2020-06-03,0.27480471983518434
2020-06-04,0.2695179452465001
2020-06-05,0.26204443496954455
2020-06-08,0.26973644017899584
2020-06-09,0.2645595540946486
2020-06-10,0.2566148473733774
2020-06-11,0.24989338414770487
2020-06-12,0.31516592700805224
2020-06-15,0.3080249210582063
2020-06-16,0.2992876132918952
2020-06-17,0.2974554760662389
2020-06-18,0.289245819931471
2020-06-19,0.2804515630529727
2020-06-22,0.2726130223452369
2020-06-23,0.26509262641900366
2020-06-24,0.2576712369470734
2020-06-25,0.26395109543689194
2020-06-26,0.26062938403505015
2020-06-29,0.27523460343472544
2020-06-30,0.27152224011775156
2020-07-01,0.2682500016180056
2020-07-02,0.26032820782629373
2020-07-06,0.2526422457198999
2020-07-07,0.2524970058082432
2020-07-08,0.2481484998559912
2020-07-09,0.2431149839067763
2020-07-10,0.23827316298347878
2020-07-13,0.23625695436529104
2020-07-14,0.22906302161490127
2020-07-15,0.23202131995088968
2020-07-16,0.22504477795215766
2020-07-17,0.2181978975147768
2020-07-20,0.21164942425677594
2020-07-21,0.20564145015124044
2020-07-22,0.20122278549779157
2020-07-23,0.19509405769685056
2020-07-24,0.19271338664629648
2020-07-27,0.18750237516504484
2020-07-28,0.1831491699431414
2020-07-29,0.17816887241040835
2020-07-30,0.17643014506788907
2020-07-31,0.17411570961799694
2020-08-03,0.17174158400124276
2020-08-04,0.16702057671425277
2020-08-05,0.16385564454464666
2020-08-06,0.1616749670744187
2020-08-07,0.15964219927936935
2020-08-10,0.1549538321459182
2020-08-11,0.1524230345709561
2020-08-12,0.15155241872767397
2020-08-13,0.15291650460411485
2020-08-14,0.1486797519884144
2020-08-17,0.14419580780474595
2020-08-18,0.13981745226263353
2020-08-19,0.13555851784718698
2020-08-20,0.13281191082726082
2020-08-21,0.12896489930254662
2020-08-24,0.1260409049684112
2020-08-25,0.12819948724641272
2020-08-26,0.12445577565425105
2020-08-27,0.12299634058812704
2020-08-28,0.11924999463865296
2020-08-31,0.11662893913488706
2020-09-01,0.11423422409839067
2020-09-02,0.11229448227564011
2020-09-03,0.11841261715017667
2020-09-04,0.15017936464264312
2020-09-08,0.14681641836315373
2020-09-09,0.16538977159164606
2020-09-10,0.17116066471286728
2020-09-11,0.17772268222107115
2020-09-14,0.17244364461786907
2020-09-15,0.16885336130300255
2020-09-16,0.16373626218039014
2020-09-17,0.15947078644156373
2020-09-18,0.15717701626265723
2020-09-21,0.15463367367994033
2020-09-22,0.15799727028888289
2020-09-23,0.1540971016037588
2020-09-24,0.17110139708108316
2020-09-25,0.16743172368411377
2020-09-28,0.16888968366827078
2020-09-29,0.17139084081623393
2020-09-30,0.1673158651106886
2020-10-01,0.16399958750671667
2020-10-02,0.15900483240596913
2020-10-05,0.15520566797717944
2020-10-06,0.16096002850179317
2020-10-07,0.16179492610341178
2020-10-08,0.16583488020084258
2020-10-09,0.1664173881606921
2020-10-12,0.16326164470086904
2020-10-13,0.1698994392746351
2020-10-14,0.16702482562393423
2020-10-15,0.16291061000426119
2020-10-16,0.15796770739090124
2020-10-19,0.15316730865820932
2020-10-20,0.16012218317683982
2020-10-21,0.1567055652960631
2020-10-22,0.15260793811494433
2020-10-23,0.15151994053015108
2020-10-26,0.1470957776316733
2020-10-27,0.15353428973295372
2020-10-28,0.1493435473492456
2020-10-29,0.18974547068952144
2020-10-30,0.18863389466182176
2020-11-02,0.1876281272874607
2020-11-03,0.19181788479086384
2020-11-04,0.19358313541368113
2020-11-05,0.1934075839191914
2020-11-06,0.19970134986112217
2020-11-09,0.19409811033744415
2020-11-10,0.19770237268699212
2020-11-11,0.19244362085496108
2020-11-12,0.18730340891523617
2020-11-13,0.18279168302999077
2020-11-16,0.18132571911173798
2020-11-17,0.18318788598274954
2020-11-18,0.17938884824018939
2020-11-19,0.18000019505788303
2020-11-20,0.17460597834352024
2020-11-23,0.16997480218951805
2020-11-24,0.1669306033840037
2020-11-25,0.17222788169625397
2020-11-27,0.16751828684017475
2020-11-30,0.162422040062246
2020-12-01,0.16318198253271007
2020-12-02,0.1628530659978479
2020-12-03,0.15993690619692952
2020-12-04,0.1554079477215563
2020-12-07,0.1527684866165954
2020-12-08,0.14828396090087353
2020-12-09,0.1451211235306172
2020-12-10,0.14185286673526135
2020-12-11,0.1376238212559278
2020-12-14,0.13344087653218156
2020-12-15,0.13282021586943887
2020-12-16,0.13604540684497962
2020-12-17,0.13207748865518587
2020-12-18,0.12872309594042938
2020-12-21,0.1263149634030318
2020-12-22,0.12311462652349216
2020-12-23,0.12165946289542072
2020-12-24,0.11887896427500969
2020-12-28,0.11564459362949583
2020-12-29,0.11685049011465722
2020-12-30,0.11379358926248113
2020-12-31,0.11037209991407078
2021-01-04,0.10844286210790517
2021-01-05,0.10955717712723108
2021-01-06,0.11119408458846251
2021-01-07,0.11529539545727546
2021-01-08,0.11763059390964771
2021-01-11,0.11407231470087102
2021-01-12,0.11158176235133453
2021-01-13,0.1091955876169105
2021-01-14,0.10657380199253218
2021-01-15,0.1033276312816256
2021-01-19,0.10476333257663079
2021-01-20,0.1042890015167656
2021-01-21,0.10595251998197225
2021-01-22,0.10275797850684255
2021-01-25,0.09968709469684756
2021-01-26,0.09741362757095193
2021-01-27,0.09467080724709337
2021-01-28,0.12141743585933612
2021-01-29,0.12075009126633537
2021-02-01,0.1408085140737272
2021-02-02,0.14193703383763162
2021-02-03,0.14463715078732553
2021-02-04,0.14054611524203384
2021-02-05,0.13722670579802798
2021-02-08,0.13388566472553598
2021-02-09,0.13303602588932434
2021-02-10,0.1290165114655664
2021-02-11,0.12590827995593043
2021-02-12,0.12298979542572025
2021-02-16,0.11932635284205516
2021-02-17,0.11579410172659681
2021-02-18,0.11319459216345458
2021-02-19,0.1100963863628769
2021-02-22,0.10778021816814573
2021-02-23,0.10453486746041331
2021-02-24,0.10171910499700737
2021-02-25,0.10172219489201574
2021-02-26,0.11404312085188159
2021-03-01,0.11364264753022983
2021-03-02,0.12991648326693897
2021-03-03,0.12798645200071213
2021-03-04,0.1281988886851184
2021-03-05,0.12663437579082723
2021-03-08,0.13787486855960274
2021-03-09,0.13375514356350904
2021-03-10,0.13538568581375923
2021-03-11,0.13581180843672924
2021-03-12,0.13265802458421963
2021-03-15,0.12995439921332957
2021-03-16,0.12622452656407362
2021-03-17,0.12272294988133646
2021-03-18,0.11912084573863928
2021-03-19,0.1212613502392271
2021-03-22,0.11757317850297311
2021-03-23,0.1146612029587576
2021-03-24,0.11148362807784704
2021-03-25,0.10817526326357474
2021-03-26,0.1050701701312624
2021-03-29,0.11210822973371812
2021-03-30,0.10877991899082451
2021-03-31,0.10651500774832282
2021-04-01,0.10341117465989084
2021-04-05,0.10378392990733384
2021-04-06,0.10530191778009446
2021-04-07,0.10232642336135298
2021-04-08,0.10044236987126944
2021-04-09,0.09827557067830366
2021-04-12,0.09805751186528139
2021-04-13,0.09519204275046382
2021-04-14,0.09231256858058667
2021-04-15,0.08950303669085542
2021-04-16,0.0945729932987982
2021-04-19,0.09265403527007875
2021-04-20,0.09107173222531408
2021-04-21,0.09082063036059457
2021-04-22,0.0897499266886742
2021-04-23,0.09497719533367639
2021-04-26,0.09476893275321785
2021-04-27,0.09197159029711749
2021-04-28,0.08927183475383642
2021-04-29,0.08724625400882512
2021-04-30,0.09170779816003748
2021-05-03,0.09280788409368462
2021-05-04,0.09217595370495198
2021-05-05,0.08938106627098956
2021-05-06,0.08747571343715427
2021-05-07,0.09228201474363885
2021-05-10,0.0913537896267329
2021-05-11,0.0899854017664092
2021-05-12,0.09761480826993381
2021-05-13,0.11125184315228688
2021-05-14,0.11443641443899691
2021-05-17,0.12198205680929924
2021-05-18,0.11831150227873939
2021-05-19,0.12191456755908456
2021-05-20,0.11951759261152851
2021-05-21,0.11798256651336704
2021-05-24,0.11450515007709161
2021-05-25,0.11418940244496295
2021-05-26,0.11098784033527125
2021-05-27,0.10770126964590823
2021-05-28,0.10442818810833299
2021-06-01,0.10125422135160697
2021-06-02,0.09842021760258991
2021-06-03,0.09591526936205513
2021-06-04,0.09339480531313744
2021-06-07,0.09295937910493567
2021-06-08,0.09060000066617523
2021-06-09,0.08797771432390308
2021-06-10,0.08565341332044493
2021-06-11,0.08304421289819454
2021-06-14,0.0812958187674131
2021-06-15,0.07882509150073459
2021-06-16,0.07644122948536128
2021-06-17,0.07622205287957177
2021-06-18,0.07558830588225711
2021-06-21,0.08944313231909624
2021-06-22,0.0999490551618791
2021-06-23,0.09871699900308481
2021-06-24,0.0957264721805989
2021-06-25,0.09460639534395973
2021-06-28,0.09186747634004527
2021-06-29,0.08944863655952069
2021-06-30,0.08682982887174126
2021-07-01,0.085827224269365
2021-07-02,0.08524080684871849
2021-07-06,0.08624098200870157
2021-07-07,0.08398803198152899
2021-07-08,0.08242494573465128
2021-07-09,0.08371933448968194
2021-07-12,0.08972140290337642
2021-07-13,0.087812953022505
2021-07-14,0.08620724732116172
2021-07-15,0.08360088980335662
2021-07-16,0.08116607447447133
2021-07-19,0.08610177180371435
2021-07-20,0.10229971916789114
2021-07-21,0.10885417573557406
2021-07-22,0.10895690639885025
2021-07-23,0.1058884287012644
2021-07-26,0.10597211981486715
2021-07-27,0.10357495457994473
2021-07-28,0.10104912664840662
2021-07-29,0.09800843767518269
2021-07-30,0.09539299197842584
2021-08-02,0.09727298449259904
2021-08-03,0.09431201438515452
2021-08-04,0.09682752618937233
2021-08-05,0.0961293644380327
2021-08-06,0.0945113343965298
2021-08-09,0.09181614130012382
2021-08-10,0.09006387372647007
2021-08-11,0.08982819116069089
2021-08-12,0.09062741586943884
2021-08-13,0.08821285530063448
2021-08-16,0.08553537300663948
2021-08-17,0.08383222539556828
2021-08-18,0.08583148336835107
2021-08-19,0.09171551238150906
2021-08-20,0.08915086594739204
2021-08-23,0.08974649310118889
2021-08-24,0.09083916678587793
2021-08-25,0.08831079086543579
2021-08-26,0.08566711883131986
2021-08-27,0.08478310774414359
2021-08-30,0.08683853871165201
2021-08-31,0.08520914464648018
2021-09-01,0.0833551507583994
2021-09-02,0.08082664542541
2021-09-03,0.08159772702716198
2021-09-07,0.07936453374216222
2021-09-08,0.07844403646798129
2021-09-09,0.07633445985401538
2021-09-10,0.075194793147244
2021-09-13,0.07680718652230098
2021-09-14,0.07963367187331785
2021-09-15,0.08022096920357527
2021-09-16,0.08108123412897324
2021-09-17,0.08065579513236594
2021-09-20,0.08471826434971322
2021-09-21,0.10389876135121655
2021-09-22,0.10077427160162847
2021-09-23,0.10109457128176344
2021-09-24,0.10240568882814627
2021-09-27,0.09942260628721977
2021-09-28,0.09676066337811834
2021-09-29,0.10749583419414971
2021-09-30,0.10433780529768508
2021-10-01,0.10968572634991204
2021-10-04,0.11316443562132193
2021-10-05,0.1160234735603983
2021-10-06,0.1167471592390142
2021-10-07,0.11421824819210644
2021-10-08,0.11320316866001295
2021-10-11,0.10983779902165683
2021-10-12,0.11096659354363005
2021-10-13,0.10780129395989951
2021-10-14,0.10507455167939926
2021-10-15,0.11523631720984283
2021-10-18,0.11733669630784505
2021-10-19,0.11437781849108299
2021-10-20,0.11352240555310307
2021-10-21,0.11182348546072
2021-10-22,0.10841703807266873
2021-10-25,0.10525964723504623
2021-10-26,0.10287627212538601
2021-10-27,0.10057569320706397
2021-10-28,0.09896214203182556
2021-10-29,0.10181020249402208
2021-11-01,0.09876101772031165
2021-11-02,0.09575505276185427
2021-11-03,0.09357424799851023
2021-11-04,0.09072769578499101
2021-11-05,0.08849821298679625
2021-11-08,0.08822686039966503
2021-11-09,0.08589369825754228
2021-11-10,0.08362739514597818
2021-11-11,0.08704774286064702
2021-11-12,0.08441612941322504
2021-11-15,0.0860700859219541
2021-11-16,0.08359295934588781
2021-11-17,0.08122578180547757
2021-11-18,0.07887739708494063
2021-11-19,0.07731982808148909
2021-11-22,0.0764409264247432
2021-11-23,0.07420352436200245
2021-11-24,0.07518529178955924
2021-11-26,0.07307107387116196
2021-11-29,0.10116406906861536
2021-11-30,0.10180655890831886
2021-12-01,0.11396167440772152
2021-12-02,0.11114049491908118
2021-12-03,0.11365040690346315
2021-12-06,0.11056060434231106
2021-12-07,0.11923738234771654
2021-12-08,0.12446907791966828
2021-12-09,0.12068529846704691
2021-12-10,0.11701156206671649
2021-12-13,0.11493165998969551
2021-12-14,0.11255378730542558
2021-12-15,0.10978272487102751
2021-12-16,0.11244165456177466
2021-12-17,0.10937893348638068
2021-12-20,0.11929037794830677
2021-12-21,0.12392457556031593
2021-12-22,0.1271921978203833
2021-12-23,0.12618208890867325
2021-12-27,0.12347037834343728
2021-12-28,0.1259975534099995
2021-12-29,0.12222117827668645
2021-12-30,0.11851341551259548
2021-12-31,0.11496434873946264
2022-01-03,0.11158146376393681
2022-01-04,0.1094921100528351
2022-01-05,0.108946027385047
2022-01-06,0.11059587210566185
2022-01-07,0.10830652631384259
2022-01-10,0.10509489170256509
2022-01-11,0.10323956574178811
2022-01-12,0.10495796319779097
2022-01-13,0.10176061446385769
2022-01-14,0.1020305159298739
2022-01-18,0.10033878424362538
2022-01-19,0.11737269757930399
2022-01-20,0.1146435408566983
2022-01-21,0.11354253773289816
2022-01-24,0.12096967695711562
2022-01-25,0.11777744077031448
2022-01-26,0.11739067417834494
2022-01-27,0.11470117864333022
2022-01-28,0.11170655447793734
2022-01-31,0.11277028676767473
2022-02-01,0.12296300786391752
2022-02-02,0.12306858420480446
2022-02-03,0.12151695805249864
2022-02-04,0.17865474060713313
2022-02-07,0.17621853703052756
2022-02-08,0.1710199832517635
2022-02-09,0.1662972791795354
2022-02-10,0.16479827771026329
2022-02-11,0.16928353893440604
2022-02-14,0.1676466091639896
2022-02-15,0.1632510397570679
2022-02-16,0.1598461517440163
2022-02-17,0.15497662069022367
2022-02-18,0.15912255165054892
2022-02-22,0.15599871018849903
2022-02-23,0.15805463628667507
2022-02-24,0.1607476914963734
2022-02-25,0.15817691648490043
2022-02-28,0.173508644497039
2022-03-01,0.1682337217017464
2022-03-02,0.1657900261363006
2022-03-03,0.16869977748033868
2022-03-04,0.1635605594056623
2022-03-07,0.1588207137513285
2022-03-08,0.15882667088111532
2022-03-09,0.15402992143676564
2022-03-10,0.15189739421591242
2022-03-11,0.1473234392240965
2022-03-14,0.14732535629957685
2022-03-15,0.14508931839907763
2022-03-16,0.14764639448526157
2022-03-17,0.15278275354885343
2022-03-18,0.15413650743606422
2022-03-21,0.15185826972911332
2022-03-22,0.14726464435965508
2022-03-23,0.14454584791297614
2022-03-24,0.14130719265088115
2022-03-25,0.13988554781071535
2022-03-28,0.13676000496879037
2022-03-29,0.13262657024701197
2022-03-30,0.1297282305333325
2022-03-31,0.1258054709983401
2022-04-01,0.13303028191769828
2022-04-04,0.12968238855906708
2022-04-05,0.12781310525910675
2022-04-06,0.1270729603079511
2022-04-07,0.1251257514281689
2022-04-08,0.12186696462487219
2022-04-11,0.11880086116706409
2022-04-12,0.12847384818314594
2022-04-13,0.124612907997116
2022-04-14,0.123887252449484
2022-04-18,0.12293068244160654
2022-04-19,0.11926697354111848
2022-04-20,0.12399751716888953
2022-04-21,0.12024736081948882
2022-04-22,0.13716635597005825
2022-04-25,0.16305576245835274
2022-04-26,0.15876194792094805
2022-04-27,0.16866402661101776
2022-04-28,0.1635270398128144
2022-04-29,0.18997818085301305
2022-05-02,0.2168625739284201
2022-05-03,0.21133236573567787
2022-05-04,0.20557685906527048
2022-05-05,0.22248608891707575
2022-05-06,0.24733703033116314
2022-05-09,0.23984479396291758
2022-05-10,0.25076489591914636
2022-05-11,0.24316967891872224
2022-05-12,0.23868325756333275
2022-05-13,0.23152589436959095
2022-05-16,0.23203436561559768
2022-05-17,0.22536581450277315
2022-05-18,0.22555778771914203
2022-05-19,0.24689869555781643
2022-05-20,0.23978724230824508
2022-05-23,0.2324942646919602
2022-05-24,0.2345714554002956
2022-05-25,0.22743687777127874
2022-05-26,0.22189937134979965
2022-05-27,0.2214786574868979
2022-05-31,0.2240327905692954
2022-06-01,0.21900518156233117
2022-06-02,0.2125595217656905
2022-06-03,0.21228233095159285
2022-06-06,0.2088526059772799
2022-06-07,0.20266052109640142
2022-06-08,0.199551477352994
2022-06-09,0.19493400249748014
2022-06-10,0.20355496704667936
2022-06-13,0.22040015960400902
2022-06-14,0.2474593302372139
2022-06-15,0.24168904547125117
2022-06-16,0.23893843484856545
2022-06-17,0.25001359101560744
2022-06-21,0.2433834636142906
2022-06-22,0.24545903675414193
2022-06-23,0.23829871231815994
2022-06-24,0.23171381609775452
2022-06-27,0.24018287496948387
2022-06-28,0.23288886904340383
2022-06-29,0.2318490481288911
2022-06-30,0.2248614710781845
2022-07-01,0.22053179787711397
2022-07-05,0.21869948792369898
2022-07-06,0.2121966615368743
2022-07-07,0.20573611563893254
2022-07-08,0.20485913173092532
2022-07-11,0.19890147239239464
2022-07-12,0.19519467425445422
2022-07-13,0.1912210641177481
2022-07-14,0.18551309262958363
2022-07-15,0.18260507736879458
2022-07-18,0.18859430044452236
2022-07-19,0.18330477939494647
2022-07-20,0.19759128939892803
2022-07-21,0.19260434319677266
2022-07-22,0.18819246716827798
2022-07-25,0.18366547423452043
2022-07-26,0.17856504497587214
2022-07-27,0.1785537790640971
2022-07-28,0.18755865500182695
2022-07-29,0.18575856019473633
2022-08-01,0.19058585668544523
2022-08-02,0.1848510368894164
2022-08-03,0.18389101360995616
2022-08-04,0.1847032258991195
2022-08-05,0.17931663205972326
2022-08-08,0.1739118426822418
2022-08-09,0.16870759649629696
2022-08-10,0.16365297264048798
2022-08-11,0.16951972753578445
2022-08-12,0.16436012455616755
2022-08-15,0.16517401753889044
2022-08-16,0.1601444422788741
2022-08-17,0.15594359496781032
2022-08-18,0.15211839879716965
2022-08-19,0.14780903387821104
2022-08-22,0.14866884226857593
2022-08-23,0.15446619508011836
2022-08-24,0.14976173872621446
2022-08-25,0.14528159576166721
2022-08-26,0.14857605804191704
2022-08-29,0.17292547424031945
2022-08-30,0.16821278405103662
2022-08-31,0.1689045424204043
2022-09-01,0.1653042432736763
2022-09-02,0.16066136420171623
2022-09-06,0.15810706486048096
2022-09-07,0.15448173068870458
2022-09-08,0.15598879941969557
2022-09-09,0.15213673010023435
2022-09-12,0.15603827839102413
2022-09-13,0.15456822642812887
2022-09-14,0.20637023004822758
2022-09-15,0.2002388104934679
2022-09-16,0.1977024755073189
2022-09-19,0.19347235789262945
2022-09-20,0.18945419590746518
2022-09-21,0.1871702802948431
2022-09-22,0.18916185041850372
2022-09-23,0.18395793622403803
2022-09-26,0.1907417185507818
2022-09-27,0.1897514042082199
2022-09-28,0.18456359628475547
2022-09-29,0.1977376836656715
2022-09-30,0.20264722143524272
2022-10-03,0.2024012420606108
2022-10-04,0.22197906721680466
2022-10-05,0.23547933232062468
2022-10-06,0.2283559289533346
2022-10-07,0.22263172537475226
2022-10-10,0.23098432472426472
2022-10-11,0.2253105434895216
2022-10-12,0.21968312957319786
2022-10-13,0.21305782422449834
2022-10-14,0.21995845887535098
2022-10-17,0.22356142233494644
2022-10-18,0.2317719153432966
2022-10-19,0.2272821499245646
2022-10-20,0.22073728648737953
2022-10-21,0.2160421521819173
2022-10-24,0.22552559048325385
2022-10-25,0.22130297115892117
2022-10-26,0.220448691202698
2022-10-27,0.21510883776669826
2022-10-28,0.21460208746213236
2022-10-31,0.2185343367810914
2022-11-01,0.21421983430422703
2022-11-02,0.2077175296543582
2022-11-03,0.21341232800806414
2022-11-04,0.20747352382453685
2022-11-07,0.20695568309614953
2022-11-08,0.20377848344219024
2022-11-09,0.19843707726696685
2022-11-10,0.1982604013133765
2022-11-11,0.2578900891392317
2022-11-14,0.25098364534058937
2022-11-15,0.24428961744293629
2022-11-16,0.23748487009818925
2022-11-17,0.23032025745289858
2022-11-18,0.22396217086347991
2022-11-21,0.21740978250397727
2022-11-22,0.21106019870555048
2022-11-23,0.21028435131232476
2022-11-25,0.20447080296140954
2022-11-28,0.19824244698761623
2022-11-29,0.19947791281432678
2022-11-30,0.193523195354473
2022-12-01,0.2095076492181978
2022-12-02,0.20312523854377365
2022-12-05,0.19695368494068335
2022-12-06,0.1994736849551741
2022-12-07,0.200840430214172
2022-12-08,0.1948929232042751
2022-12-09,0.19053933945663096
2022-12-12,0.18799882128359494
2022-12-13,0.18877769224840046
2022-12-14,0.18723120650997876
2022-12-15,0.18191714148679589
2022-12-16,0.1924126974993121
2022-12-19,0.18758993028414264
2022-12-20,0.18467548688313826
2022-12-21,0.17963089625536652
2022-12-22,0.18154932875657345
2022-12-23,0.18329533755602698
2022-12-27,0.17965688942601743
2022-12-28,0.1742456308756436
2022-12-29,0.1732347407404281
2022-12-30,0.17426636968790687
2023-01-03,0.16905702176043885
2023-01-04,0.1639144042259532
2023-01-05,0.1589211440877093
2023-01-06,0.15767982749557397
2023-01-09,0.16561816650263247
2023-01-10,0.1607096818744986
2023-01-11,0.15786197946455466
2023-01-12,0.15890098799075583
2023-01-13,0.1568008033878556
2023-01-17,0.15330737591801394
2023-01-18,0.15184243162818883
2023-01-19,0.15653018635238733
2023-01-20,0.15325857067151363
2023-01-23,0.15121100806597443
2023-01-24,0.148533354792222
2023-01-25,0.14555723779764573
2023-01-26,0.14271248830416416
2023-01-27,0.1455297257727182
2023-01-30,0.14112443905142458
2023-01-31,0.1442500290754659
2023-02-01,0.1448785905785498
2023-02-02,0.14101987537407268
2023-02-03,0.15036740036979185
2023-02-06,0.14931279255766777
2023-02-07,0.1447964454546233
2023-02-08,0.1438282172860324
2023-02-09,0.14351041474761853
2023-02-10,0.14645831510103205
2023-02-13,0.14388397669458444
2023-02-14,0.14462988020795248
2023-02-15,0.1408209100058163
2023-02-16,0.13654887519227227
2023-02-17,0.1402472090163824
2023-02-21,0.13598787986997052
2023-02-22,0.15099532042235755
2023-02-23,0.1465459671825348
2023-02-24,0.14288403822656423
2023-02-27,0.1416772113862871
2023-02-28,0.13749256179745453
2023-03-01,0.134060730896143
2023-03-02,0.13066553989887572
2023-03-03,0.12907112679136948
2023-03-06,0.14331099902698985
2023-03-07,0.13900869302027463
2023-03-08,0.14433616061154692
2023-03-09,0.1399498218483831
2023-03-10,0.1453696360801648
2023-03-13,0.14319285424950165
2023-03-14,0.13889576599581857
2023-03-15,0.14240969578635906
2023-03-16,0.140024149182391
2023-03-17,0.1417361445896609
2023-03-20,0.14237621462218264
2023-03-21,0.14151735866290846
2023-03-22,0.14290369191181954
2023-03-23,0.14625107038067156
2023-03-24,0.14190926921944105
2023-03-27,0.13839643906596716
2023-03-28,0.13418355276219351
2023-03-29,0.13013672800586318
2023-03-30,0.1309269889700325
2023-03-31,0.12899773502663955
2023-04-03,0.1327403752432838
2023-04-04,0.13471396539364322
2023-04-05,0.13123226989649114
2023-04-06,0.1272948615525868
2023-04-10,0.12362069201609552
2023-04-11,0.11986343751859455
2023-04-12,0.11625795272403452
2023-04-13,0.11276425516814265
2023-04-14,0.11875007505432629
2023-04-17,0.11530193160319681
2023-04-18,0.11178989807983143
2023-04-19,0.10842118760958948
2023-04-20,0.10512553856115549
2023-04-21,0.10211723215362911
2023-04-24,0.09920415073669683
2023-04-25,0.09744838862503019
2023-04-26,0.10180351826673378
2023-04-27,0.10273072267037418
2023-04-28,0.128540262027696
2023-05-01,0.1265868245398926
2023-05-02,0.12411413856167826
2023-05-03,0.12353725912833095
2023-05-04,0.12251007898552395
2023-05-05,0.12306028515857147
2023-05-08,0.1276138961849343
2023-05-09,0.12391261016635953
2023-05-10,0.12042594451700342
2023-05-11,0.11725733200384801
2023-05-12,0.11413600156706405
2023-05-15,0.11068379804726222
2023-05-16,0.10742604970116625
2023-05-17,0.10849233122430799
2023-05-18,0.11507893358785176
2023-05-19,0.11251718346503449
2023-05-22,0.10947525205321658
2023-05-23,0.10740996172316995
2023-05-24,0.10431485143178658
2023-05-25,0.10156375839569924
2023-05-26,0.09876576992250827
2023-05-30,0.10591606728213845
2023-05-31,0.10279471778732341
2023-06-01,0.10161296117955274
2023-06-02,0.1034243661939084
2023-06-05,0.11847567570842198
2023-06-06,0.11566563333759754
2023-06-07,0.11229225215779541
2023-06-08,0.10894612478434
2023-06-09,0.10779106259884533
2023-06-12,0.10461326920706134
2023-06-13,0.10318092530483639
2023-06-14,0.10077969755833414
2023-06-15,0.09973408740464652
2023-06-16,0.10750285688841289
2023-06-20,0.1052244928630421
2023-06-21,0.10412182701008342
2023-06-22,0.10095138048172012
2023-06-23,0.09787652033526659
2023-06-26,0.09618450371353617
2023-06-27,0.09325900219099865
2023-06-28,0.0939833675861359
2023-06-29,0.09128399072346566
2023-06-30,0.09012498315660844
2023-07-03,0.09648019608196154
2023-07-05,0.09355039815470002
2023-07-06,0.09133659396106253
2023-07-07,0.10063086042358974
2023-07-10,0.09796922232574712
2023-07-11,0.09576868148336908
2023-07-12,0.09637854577279248
2023-07-13,0.09777096880168214
2023-07-14,0.09526978925711108
2023-07-17,0.09236974172406379
2023-07-18,0.09021762391258668
2023-07-19,0.09130840123177304
2023-07-20,0.09063681395057688
2023-07-21,0.0883531951770993
2023-07-24,0.08578287669366155
2023-07-25,0.08548416764969914
2023-07-26,0.08354525492741612
2023-07-27,0.08167151713890346
2023-07-28,0.08345986449318783
2023-07-31,0.08606593795425271
2023-08-01,0.08435064917797452
2023-08-02,0.08194152879109215
2023-08-03,0.0883396454806977
2023-08-04,0.0863811194541387
2023-08-07,0.08404593976166351
2023-08-08,0.08429925134531085
2023-08-09,0.08296539171730165
2023-08-10,0.08151408775079562
2023-08-11,0.079125371898779
2023-08-14,0.07845715145190042
2023-08-15,0.07617820165031305
2023-08-16,0.08810762657116918
2023-08-17,0.08983232582878316
2023-08-18,0.08909943347158945
2023-08-21,0.08645971490705491
2023-08-22,0.08414611076307411
2023-08-23,0.08256395136955656
2023-08-24,0.08485205764734896
2023-08-25,0.09038390957172195
2023-08-28,0.0907305543490453
2023-08-29,0.08993036684410759
2023-08-30,0.09410441138520191
2023-08-31,0.09130755154983732
2023-09-01,0.08878040588616931
2023-09-05,0.08740462679148799
2023-09-06,0.08583744870191055
2023-09-07,0.08595718487591295
2023-09-08,0.08345500669400642
2023-09-11,0.08197498110846986
2023-09-12,0.0814168689289043
2023-09-13,0.07899474318229625
2023-09-14,0.07721501212358388
2023-09-15,0.08465733494947375
2023-09-18,0.09192715204934673
2023-09-19,0.08972716186233694
2023-09-20,0.08775201138909765
2023-09-21,0.08785262732185464
2023-09-22,0.09668191823017053
2023-09-25,0.09378586123082126
2023-09-26,0.09166146125156838
2023-09-27,0.10245314202898316
2023-09-28,0.10075461987464891
2023-09-29,0.09768530843273715
2023-10-02,0.09717985291828153
2023-10-03,0.09694472517002159
2023-10-04,0.10318899584423046
2023-10-05,0.10014595499288496
2023-10-06,0.09823099848061653
2023-10-09,0.10141495716656883
2023-10-10,0.10368470036756722
2023-10-11,0.10211531483980153
2023-10-12,0.0991374328761124
2023-10-13,0.09815171187052109
2023-10-16,0.09743076392407725
2023-10-17,0.0972424250825785
2023-10-18,0.0944065357156071
2023-10-19,0.09825043751467556
2023-10-20,0.09811937244738522
2023-10-23,0.09937987307835121
2023-10-24,0.09766242493932968
2023-10-25,0.0968681444682503
2023-10-26,0.09746999160177824
2023-10-27,0.09982485664974976
2023-10-30,0.10034861316451155
2023-10-31,0.11050925541886064
2023-11-01,0.10725538417301922
2023-11-02,0.10897979006375214
2023-11-03,0.12215079493093861
2023-11-06,0.11919041310533482
2023-11-07,0.11563977695698854
2023-11-08,0.1121314791125208
2023-11-09,0.10897184788326336
2023-11-10,0.11005308405447048
2023-11-13,0.11526746378527067
2023-11-14,0.1117671375844457
2023-11-15,0.12558703787912606
2023-11-16,0.121850440115157
2023-11-17,0.118395657686417
2023-11-20,0.11602879410199651
2023-11-21,0.11295652764587781
2023-11-22,0.10985869670852412
2023-11-24,0.10794880432164033
2023-11-27,0.10475432989702371
2023-11-28,0.10160079238774591
2023-11-29,0.09971584858875304
2023-11-30,0.0969781358572759
2023-12-01,0.0957596159249028
2023-12-04,0.09747860565448355
2023-12-05,0.09566926496249423
2023-12-06,0.0932521893797811
2023-12-07,0.09042248504946004
2023-12-08,0.08815393068640477
2023-12-11,0.08618962435293
2023-12-12,0.08359973855917
2023-12-13,0.08179597296869025
2023-12-14,0.09713242736023124
2023-12-15,0.10087338052468432
2023-12-18,0.09784565199851429
2023-12-19,0.09554595406113134
2023-12-20,0.09631321017094858
2023-12-21,0.10166244900819911
2023-12-22,0.09993454907882654
2023-12-26,0.09692928412505829
2023-12-27,0.09543546719735245
2023-12-28,0.09325325436122725
2023-12-29,0.09049132159223569
2024-01-02,0.08819746660289836
2024-01-03,0.08556334945849488
2024-01-04,0.08460966339687427
2024-01-05,0.08267979981482855
2024-01-08,0.08027966362270778
2024-01-09,0.08165749903643799
2024-01-10,0.08045266006680857
2024-01-11,0.08050749131916703
2024-01-12,0.07815954802337201
2024-01-16,0.07582462642361763
2024-01-17,0.08072963168549069
2024-01-18,0.08193510909058126
2024-01-19,0.08073723267459426
2024-01-22,0.08111511247361447
2024-01-23,0.0788385667089174
2024-01-24,0.07712937426983046
2024-01-25,0.0747825448614227
2024-01-26,0.08071665564629892
2024-01-29,0.07848981394339428
2024-01-30,0.07978167938083812
2024-01-31,0.07816521618561653
2024-02-01,0.08530437983166825
2024-02-02,0.08700116820837402
2024-02-05,0.10162643360316603
2024-02-06,0.10325350950697124
2024-02-07,0.10118661078116736
2024-02-08,0.1006021680323246
2024-02-09,0.0975685099069686
2024-02-12,0.09469339726944748
2024-02-13,0.09297419888482772
2024-02-14,0.10893394569569169
2024-02-15,0.10698640626460831
2024-02-16,0.11347840123677966
2024-02-20,0.11058348180375142
2024-02-21,0.1075425910852586
2024-02-22,0.10597835749609968
2024-02-23,0.11016405312481845
2024-02-26,0.10688120574560092
2024-02-27,0.10469520230135752
2024-02-28,0.10158094773213608
2024-02-29,0.0984963078137378
2024-03-01,0.09682892009366134
2024-03-04,0.09543878336217082
2024-03-05,0.09416293727902951
2024-03-06,0.09348326781074641
2024-03-07,0.09103983068187677
2024-03-08,0.09194826069391282
2024-03-11,0.08916656991738678
2024-03-12,0.08648358077108519
2024-03-13,0.08551761447317716
2024-03-14,0.08502915746986156
2024-03-15,0.08248816208306566
2024-03-18,0.08040546028349076
2024-03-19,0.07840255906673
2024-03-20,0.08134746937960997
2024-03-21,0.08346600502502527
2024-03-22,0.08251334933718203
2024-03-25,0.08063809880558116
2024-03-26,0.07947100644243134
2024-03-27,0.07728934786441209
2024-03-28,0.08944075897130208
2024-04-01,0.08684732901104086
2024-04-02,0.08628069571683941
2024-04-03,0.08522257219357095
2024-04-04,0.0826289892536859
2024-04-05,0.08173284532884867
2024-04-08,0.08660826859091968
2024-04-09,0.08400923948222566
2024-04-10,0.08213653661541048
2024-04-11,0.08592090170761049
2024-04-12,0.08362157262947373
2024-04-15,0.09453478776200146
2024-04-16,0.0932087927918831
2024-04-17,0.09216623986073945
2024-04-18,0.08956624143379563
2024-04-19,0.08730423982764383
2024-04-22,0.08483437171349285
2024-04-23,0.08531726125369082
2024-04-24,0.08791150343742235
2024-04-25,0.08537522715958862
2024-04-26,0.09571221758874934
2024-04-29,0.09381095242901155
2024-04-30,0.09202257183944443
2024-05-01,0.10471692131839185
2024-05-02,0.10405570436300869
2024-05-03,0.10373036494676373
2024-05-06,0.1072836352457653
2024-05-07,0.10776535547474483
2024-05-08,0.10493478763148664
2024-05-09,0.1021430360469688
2024-05-10,0.10918590847414938
2024-05-13,0.10594232910984486
2024-05-14,0.1028264493796458
2024-05-15,0.1010571387485763
2024-05-16,0.10442273289348251
2024-05-17,0.10206189159326182
2024-05-20,0.1002339805916906
2024-05-21,0.09985184101381941
2024-05-22,0.09722295323635587
2024-05-23,0.09671217665237791
2024-05-24,0.10426529709959358
2024-05-28,0.10168435504440981
2024-05-29,0.09860463582794178
2024-05-30,0.10226108434745283
2024-05-31,0.09925600546642795
2024-06-03,0.10280922349369372
2024-06-04,0.1003826304463
2024-06-05,0.0973754375494456
2024-06-06,0.09654188491540058
2024-06-07,0.09376862545291889
2024-06-10,0.09320866157047084
2024-06-11,0.09249911910770514
2024-06-12,0.08970702709014995
2024-06-13,0.08701121862164606
2024-06-14,0.08440625949786724
2024-06-17,0.08184923849479359
2024-06-18,0.07995991294165622
2024-06-20,0.07752421923031975
2024-06-21,0.07972454919920202
2024-06-24,0.07781200065661796
2024-06-25,0.07949135741992605
2024-06-26,0.07883448224476665
2024-06-27,0.07677610927435871
2024-06-28,0.07523039230437463
2024-07-01,0.07375379500652202
2024-07-02,0.0715145864386955
2024-07-03,0.07199056349966078
2024-07-05,0.0700506327886082
2024-07-08,0.07030995612001735
2024-07-09,0.06828462196486017
2024-07-10,0.06625130894541238
2024-07-11,0.07555899386613167
2024-07-12,0.07336227335630996
2024-07-15,0.07170973289857846
2024-07-16,0.0698365690306571
2024-07-17,0.08585159610343614
2024-07-18,0.08324031379550322
2024-07-19,0.0855324029556295
2024-07-22,0.0865439994086656
2024-07-23,0.08412338593764149
2024-07-24,0.08217793866796586
2024-07-25,0.08581447015230302
2024-07-26,0.08378044397856274
2024-07-29,0.09151375804042663
2024-07-30,0.08944892602028712
2024-07-31,0.08783268538070205
2024-08-01,0.0890344672379712
2024-08-02,0.08833066007457736
2024-08-05,0.09570285269584143
2024-08-06,0.1266043882891896
2024-08-07,0.12387478570478067
2024-08-08,0.12013226503018165
2024-08-09,0.1281436389174242
2024-08-12,0.12516663069180695
2024-08-13,0.12140720989179038
2024-08-14,0.12059745649154269
2024-08-15,0.11805740407733147
2024-08-16,0.11868556301159168
2024-08-19,0.11535202365272648
2024-08-20,0.11254866043797074
2024-08-21,0.10924112735220814
2024-08-22,0.10623130402607502
2024-08-23,0.10430837985344982
2024-08-26,0.10681427433033841
2024-08-27,0.10391507304349455
2024-08-28,0.10121624344186247
2024-08-29,0.09913480555286212
2024-08-30,0.09905320763481903
2024-09-03,0.09845751459457985
2024-09-04,0.10586445703387211
2024-09-05,0.10272368009443243
2024-09-06,0.10012091009257798
2024-09-09,0.10707567859210566
2024-09-10,0.11229502093861589
2024-09-11,0.10936448900478288
2024-09-12,0.106672652795938
2024-09-13,0.10593677142399457
2024-09-16,0.10430661455260826
2024-09-17,0.10257852995657495
2024-09-18,0.0999149843891692
2024-09-19,0.09726192108395512
2024-09-20,0.10524038200482096
2024-09-23,0.10203524663095435
2024-09-24,0.09989956650762696
2024-09-25,0.09767488780971419
2024-09-26,0.09706915287516345
2024-09-27,0.09411664127535599
2024-09-30,0.09240630726962848
2024-10-01,0.09036905837281844
2024-10-02,0.08762085540496396
2024-10-03,0.08499502394892765
2024-10-04,0.08319126742426705
2024-10-07,0.08330191832676455
2024-10-08,0.08837805164619413
2024-10-09,0.08582683320308696
2024-10-10,0.08925587789749359
2024-10-11,0.08653733990417042
2024-10-14,0.0908265072082428
2024-10-15,0.08913678402585971
2024-10-16,0.08992573057768029
2024-10-17,0.08867205310369149
2024-10-18,0.08597284893382855
2024-10-21,0.08417213580552468
2024-10-22,0.08391205021965284
2024-10-23,0.08187623350303934
2024-10-24,0.08301951167314342
2024-10-25,0.08109310845258001
2024-10-28,0.07960175382201921
2024-10-29,0.07931807030918857
2024-10-30,0.07833053410362378
2024-10-31,0.07658725341238376
2024-11-01,0.0850633453536049
2024-11-04,0.08372998541794463
2024-11-05,0.08153640984077162
2024-11-06,0.08575509080251764
2024-11-07,0.11150984208197758
2024-11-08,0.1090111063125627
2024-11-11,0.10650876710257934
2024-11-12,0.10329077904131062
2024-11-13,0.10093668094711113
2024-11-14,0.09832688394382066
2024-11-15,0.09537243001156459
2024-11-18,0.09429889807415358
2024-11-19,0.0919378476424344
2024-11-20,0.08947576755163478
2024-11-21,0.08705644990809018
2024-11-22,0.08740146277242553
2024-11-25,0.08762564520859387
2024-11-26,0.08816319480400205
2024-11-27,0.08847782608361197
2024-11-29,0.08598982707961328
2024-12-02,0.08517206098686247
2024-12-03,0.0825803902655786
2024-12-04,0.0802633137854538
2024-12-05,0.07788147639195844
2024-12-06,0.07655319377258839
2024-12-09,0.07454690151986534
2024-12-10,0.07234120728031508
2024-12-11,0.07038183917980921
2024-12-12,0.06853961174004668
2024-12-13,0.07255135341298335
2024-12-16,0.07143208602580198
2024-12-17,0.07015599819248629
2024-12-18,0.07041238578720051
2024-12-19,0.10917570327985757
2024-12-20,0.1072059359098939
2024-12-23,0.10988897262684243
2024-12-24,0.10716487798713464
2024-12-26,0.10831656896378013
2024-12-27,0.10503088343923547
2024-12-30,0.10509695707762626
2024-12-31,0.10592283950898856
