date,drawdown
2017-01-04,0.0
2017-01-05,0.0
2017-01-06,0.0
2017-01-09,-0.0012677409365197433
2017-01-10,-0.0013044606060860634
2017-01-11,0.0
2017-01-12,-0.0014215814101356146
2017-01-13,0.0
2017-01-17,-0.002496062274109163
2017-01-18,-0.004404775740984369
2017-01-19,-0.008285127786200636
2017-01-20,-0.004580840785323457
2017-01-23,-0.0026073579596516292
2017-01-24,0.0
2017-01-25,0.0
2017-01-26,0.0
2017-01-27,0.0
2017-01-30,-0.005084315858556014
2017-01-31,-0.008736202476081246
2017-02-01,-0.0063112503170746756
2017-02-02,-0.007088940927459374
2017-02-03,-0.002182033028951459
2017-02-06,-0.0027485902816503614
2017-02-07,-0.0017123583477481627
2017-02-08,0.0
2017-02-09,0.0
2017-02-10,0.0
2017-02-13,0.0
2017-02-14,0.0
2017-02-15,0.0
2017-02-16,-0.0016763246540809436
2017-02-17,-0.0017643759285308014
2017-02-21,0.0
2017-02-22,0.0
2017-02-23,0.0
2017-02-24,0.0
2017-02-27,0.0
2017-02-28,-0.0006343514407093913
2017-03-01,0.0
2017-03-02,-0.006110024611452917
2017-03-03,-0.005000744434923041
2017-03-06,-0.006392901248455125
2017-03-07,-0.008243290389010272
2017-03-08,-0.011803939910520918
2017-03-09,-0.012465868280352194
2017-03-10,-0.009569894301766161
2017-03-13,-0.00941776976753951
2017-03-14,-0.012519187264485742
2017-03-15,-0.004843450897475735
2017-03-16,-0.006630064741787138
2017-03-17,-0.008141576799780574
2017-03-20,-0.007525381717361342
2017-03-21,-0.015544176752309602
2017-03-22,-0.013749636912745231
2017-03-23,-0.015192827840856312
2017-03-24,-0.016584825707954047
2017-03-27,-0.019214989958235895
2017-03-28,-0.012742698005218784
2017-03-29,-0.01169457269206887
2017-03-30,-0.010554729612116624
2017-03-31,-0.013250398832334786
2017-04-03,-0.012355987626119967
2017-04-04,-0.009094935806339336
2017-04-05,-0.009586596899843813
2017-04-06,-0.008971166961341124
2017-04-07,-0.010403202795145297
2017-04-10,-0.0076691979179538145
2017-04-11,-0.008471391584896286
2017-04-12,-0.010611149188356983
2017-04-13,-0.01686865208854761
2017-04-17,-0.010271675256755547
2017-04-18,-0.014309010592951763
2017-04-19,-0.018511860415490904
2017-04-20,-0.01171883092742725
2017-04-21,-0.010269234678362446
2017-04-24,0.0
2017-04-25,0.0
2017-04-26,-0.0005328481640591956
2017-04-27,-0.000351907426940409
2017-04-28,0.0
2017-05-01,0.0
2017-05-02,-0.00011157179324945994
2017-05-03,-0.0007613951209121425
2017-05-04,-0.0045165445994304705
2017-05-05,-0.002634371500564673
2017-05-08,0.0
2017-05-09,-0.001804647073398929
2017-05-10,0.0
2017-05-11,-0.0001434211820389048
2017-05-12,0.0
2017-05-15,0.0
2017-05-16,0.0
2017-05-17,-0.014009045904883593
2017-05-18,-0.010072711467200051
2017-05-19,-0.005674473214293316
2017-05-22,-0.002723259725036016
2017-05-23,-0.00046002760205042005
2017-05-24,0.0
2017-05-25,0.0
2017-05-26,0.0
2017-05-30,-0.002579079790698029
2017-05-31,-0.006652015555137608
2017-06-01,-0.0012502778036691626
2017-06-02,0.0
2017-06-05,-0.0003264064777906979
2017-06-06,0.0
2017-06-07,0.0
2017-06-08,0.0
2017-06-09,-0.002567878383116069
2017-06-12,-0.005710883052895304
2017-06-13,-0.00035482191565447017
2017-06-14,-0.00022957545782263515
2017-06-15,-0.001276731049948644
2017-06-16,0.0
2017-06-19,0.0
2017-06-20,-0.003769895707574612
2017-06-21,-0.006635796111155612
2017-06-22,-0.007005595632233915
2017-06-23,-0.006121053642384932
2017-06-26,-0.007207707086059806
2017-06-27,-0.014091781028012786
2017-06-28,-0.007922635780506594
2017-06-29,-0.01532118193876296
2017-06-30,-0.013980842066484856
2017-07-03,-0.012005717267552566
2017-07-05,-0.00984194510039135
2017-07-06,-0.015485402585823019
2017-07-07,-0.012063254020048955
2017-07-10,-0.010453947643652511
2017-07-11,-0.01034142823778802
2017-07-12,-0.004184890750019718
2017-07-13,-0.00287774026438407
2017-07-14,-8.02395397037805e-05
2017-07-17,0.0
2017-07-18,0.0
2017-07-19,0.0
2017-07-20,-0.0009440888172241942
2017-07-21,-0.0029624355407381615
2017-07-24,-0.0032023575854681443
2017-07-25,0.0
2017-07-26,0.0
2017-07-27,-4.5316991626691104e-05
2017-07-28,0.0
2017-07-31,-0.00039007087700711337
2017-08-01,0.0
2017-08-02,0.0
2017-08-03,-0.0005120173350639757
2017-08-04,0.0
2017-08-07,0.0
2017-08-08,-0.00013588537994877636
2017-08-09,0.0
2017-08-10,-0.009778254521012645
2017-08-11,-0.009373106620773604
2017-08-14,-0.0035338959775244624
2017-08-15,-0.004258619713594796
2017-08-16,-0.0037909414059292407
2017-08-17,-0.014113104221763848
2017-08-18,-0.014384789739755339
2017-08-21,-0.013856160136296784
2017-08-22,-0.006004126363600996
2017-08-23,-0.00907314315773057
2017-08-24,-0.01033070687174945
2017-08-25,-0.009108024589324056
2017-08-28,-0.007633357083776572
2017-08-29,-0.005269928738035101
2017-08-30,-0.0023593518389917615
2017-08-31,0.0
2017-09-01,0.0
2017-09-05,-0.0035915846683876947
2017-09-06,-0.000925977705319595
2017-09-07,0.0
2017-09-08,-0.0037312417731329636
2017-09-11,0.0
2017-09-12,0.0
2017-09-13,0.0
2017-09-14,-0.0003125956073598731
2017-09-15,0.0
2017-09-18,-0.0008027946277245732
2017-09-19,0.0
2017-09-20,-0.0003909042003160326
2017-09-21,-0.003928783519585201
2017-09-22,-0.00517654843865119
2017-09-25,-0.008291128007170223
2017-09-26,-0.007730839417990703
2017-09-27,-0.005755704736742986
2017-09-28,-0.0029291973251182727
2017-09-29,-0.0004254281785736318
2017-10-02,0.0
2017-10-03,0.0
2017-10-04,0.0
2017-10-05,0.0
2017-10-06,0.0
2017-10-09,0.0
2017-10-10,0.0
2017-10-11,0.0
2017-10-12,0.0
2017-10-13,0.0
2017-10-16,0.0
2017-10-17,0.0
2017-10-18,-0.00047179074965095924
2017-10-19,-0.0024470530577507324
2017-10-20,0.0
2017-10-23,-0.0017446966314736663
2017-10-24,0.0
2017-10-25,-0.003196944488809203
2017-10-26,-0.0013629882395901766
2017-10-27,0.0
2017-10-30,-0.0013359198390756612
2017-10-31,-0.0012686865606530862
2017-11-01,0.0
2017-11-02,-0.0016886866398843007
2017-11-03,0.0
2017-11-06,0.0
2017-11-07,0.0
2017-11-08,0.0
2017-11-09,-0.0018826168399376563
2017-11-10,-0.0037835827384592588
2017-11-13,-0.0008250428030324066
2017-11-14,-0.0012833698244905927
2017-11-15,-0.006826521967098905
2017-11-16,-0.002762837125599835
2017-11-17,-0.005677650189179304
2017-11-20,-0.003955039717818862
2017-11-21,0.0
2017-11-22,-0.0003614033498031217
2017-11-24,0.0
2017-11-27,0.0
2017-11-28,0.0
2017-11-29,-0.0023386320916340755
2017-11-30,0.0
2017-12-01,-0.00010821357347627243
2017-12-04,-0.0034462179377636798
2017-12-05,-0.005788292373657576
2017-12-06,-0.004546066811632015
2017-12-07,-0.0029183047642377022
2017-12-08,0.0
2017-12-11,0.0
2017-12-12,0.0
2017-12-13,0.0
2017-12-14,-0.0032800716937522573
2017-12-15,0.0
2017-12-18,0.0
2017-12-19,-0.004082282283854814
2017-12-20,-0.004751308416111003
2017-12-21,0.0
2017-12-22,-0.0006359464158368082
2017-12-26,-0.0007601533886037492
2017-12-27,0.0
2017-12-28,0.0
2017-12-29,-0.00471865721834115
2018-01-02,-0.000172390014320618
2018-01-03,0.0
2018-01-04,0.0
2018-01-05,0.0
2018-01-08,0.0
2018-01-09,0.0
2018-01-10,-0.0011429462674448483
2018-01-11,0.0
2018-01-12,0.0
2018-01-16,-0.0011365037085950154
2018-01-17,0.0
2018-01-18,-0.001283703458623214
2018-01-19,0.0
2018-01-22,0.0
2018-01-23,-0.0005712467815622047
2018-01-24,-0.001536837344543433
2018-01-25,0.0
2018-01-26,0.0
2018-01-29,-0.008790564381747912
2018-01-30,-0.01716233080112507
2018-01-31,-0.015401914482490271
2018-02-01,-0.01568193552240847
2018-02-02,-0.03663198237210758
2018-02-05,-0.07022674328426512
2018-02-06,-0.05383423415679097
2018-02-07,-0.06211653271192618
2018-02-08,-0.09169840913305577
2018-02-09,-0.08062740116421048
2018-02-12,-0.06923575955941871
2018-02-13,-0.06689005435188525
2018-02-14,-0.05739765899543027
2018-02-15,-0.04858016349709006
2018-02-16,-0.048566768652684
2018-02-20,-0.05359102047779922
2018-02-21,-0.059146499090396515
2018-02-22,-0.05442254125673128
2018-02-23,-0.03977102846724214
2018-02-26,-0.03085509405081081
2018-02-27,-0.04108447864720232
2018-02-28,-0.053006854908626194
2018-03-01,-0.06291241335510903
2018-03-02,-0.062267406534926885
2018-03-05,-0.05197882090422765
2018-03-06,-0.05120982618666118
2018-03-07,-0.053253410163195375
2018-03-08,-0.04955640287740411
2018-03-09,-0.036576063944655846
2018-03-12,-0.03878132982267612
2018-03-13,-0.043081293518853495
2018-03-14,-0.04690824675206329
2018-03-15,-0.04362206290748482
2018-03-16,-0.040858784145954834
2018-03-19,-0.05564775668342649
2018-03-20,-0.05349906012086991
2018-03-21,-0.05367453531988816
2018-03-22,-0.07370155304854382
2018-03-23,-0.08897298629937357
2018-03-26,-0.06789635700310608
2018-03-27,-0.08014029219583226
2018-03-28,-0.0845070322389591
2018-03-29,-0.07447331127195538
2018-04-02,-0.08938411403411099
2018-04-03,-0.07909847841406711
2018-04-04,-0.0718801197932042
2018-04-05,-0.0631002104381852
2018-04-06,-0.07930797125280573
2018-04-09,-0.07711105710977535
2018-04-10,-0.06282902292411134
2018-04-11,-0.06706969862870056
2018-04-12,-0.06199867003138271
2018-04-13,-0.06294462558169904
2018-04-16,-0.056477723604996456
2018-04-17,-0.04895685003698642
2018-04-18,-0.047062095387640106
2018-04-19,-0.049733846340479414
2018-04-20,-0.057711910568245525
2018-04-23,-0.059453592240139415
2018-04-24,-0.07243092334302657
2018-04-25,-0.07299664983404057
2018-04-26,-0.05825052269266728
2018-04-27,-0.05639964082016103
2018-04-30,-0.06210686611367941
2018-05-01,-0.06089817819496007
2018-05-02,-0.0627768868998251
2018-05-03,-0.06357141755669869
2018-05-04,-0.055079342743353465
2018-05-07,-0.052158003053205955
2018-05-08,-0.05214814962753767
2018-05-09,-0.04397062498551056
2018-05-10,-0.03495584656257813
2018-05-11,-0.0313379014634571
2018-05-14,-0.03041356498304856
2018-05-15,-0.03888649488208134
2018-05-16,-0.037791213912058835
2018-05-17,-0.039670830100226324
2018-05-18,-0.040215288410162614
2018-05-21,-0.03161498606921445
2018-05-22,-0.03555921561286182
2018-05-23,-0.031041976290560075
2018-05-24,-0.034649163544154225
2018-05-25,-0.03714124154037728
2018-05-29,-0.043887588039687314
2018-05-30,-0.03297208281500581
2018-05-31,-0.03886850037716479
2018-06-01,-0.03284619870628063
2018-06-04,-0.031068245670460008
2018-06-05,-0.030649094923518055
2018-06-06,-0.025204546826132372
2018-06-07,-0.02189936647569689
2018-06-08,-0.019569974364992512
2018-06-11,-0.0184169627811164
2018-06-12,-0.017384304405427715
2018-06-13,-0.020426703308371413
2018-06-14,-0.018310880229295317
2018-06-15,-0.022945962060473855
2018-06-18,-0.02300022188106672
2018-06-19,-0.026742342080195883
2018-06-20,-0.026438371048370716
2018-06-21,-0.03156968130038013
2018-06-22,-0.029950378680175714
2018-06-25,-0.0404400694553783
2018-06-26,-0.03688870237844774
2018-06-27,-0.04032370379093997
2018-06-28,-0.036505931139225525
2018-06-29,-0.037808338477593684
2018-07-02,-0.03450336137881654
2018-07-03,-0.03908898347885402
2018-07-05,-0.032600449210358415
2018-07-06,-0.02789568342158293
2018-07-09,-0.019992800845375275
2018-07-10,-0.015837559408296946
2018-07-11,-0.023516281391841448
2018-07-12,-0.01438698788612989
2018-07-13,-0.012375743006650767
2018-07-16,-0.012695903715093423
2018-07-17,-0.009061376996698465
2018-07-18,-0.008655742565012859
2018-07-19,-0.012643233529337524
2018-07-20,-0.010264794182696777
2018-07-23,-0.009440432946625332
2018-07-24,-0.0007679681731077591
2018-07-25,0.0
2018-07-26,-0.011855435545383321
2018-07-27,-0.014112797791411046
2018-07-30,-0.019729127155820227
2018-07-31,-0.016808798717257954
2018-08-01,-0.01845867851131869
2018-08-02,-0.014151760962168768
2018-08-03,-0.011160779082057192
2018-08-06,-0.006944105783198458
2018-08-07,-0.0037309071463127673
2018-08-08,-0.004728866373356532
2018-08-09,-0.0063850371544077215
2018-08-10,-0.010828349512431366
2018-08-13,-0.015289245491239414
2018-08-14,-0.011746674246441897
2018-08-15,-0.018695518681225477
2018-08-16,-0.011229826420564148
2018-08-17,-0.007517620147186209
2018-08-20,-0.0064394321650059734
2018-08-21,-0.005454295404712365
2018-08-22,-0.004444631145438874
2018-08-23,-0.006220343791021731
2018-08-24,-0.0015923309585405415
2018-08-27,0.0
2018-08-28,-0.0008346749364042739
2018-08-29,0.0
2018-08-30,-0.002255535524097573
2018-08-31,-0.0036577105611523835
2018-09-04,-0.00380802764096681
2018-09-05,-0.004979256724744526
2018-09-06,-0.008463500923499855
2018-09-07,-0.010612900400135555
2018-09-10,-0.011484004292250442
2018-09-11,-0.005337167148187216
2018-09-12,-0.005058485586920183
2018-09-13,-0.0015583487686741718
2018-09-14,-0.002430615668979913
2018-09-17,-0.005741213580417937
2018-09-18,-0.002253463468972686
2018-09-19,0.0
2018-09-20,0.0
2018-09-21,-0.0002650438962560083
2018-09-24,-0.002631591260913075
2018-09-25,-0.004333425250190811
2018-09-26,-0.00809875470991215
2018-09-27,-0.005504007128513487
2018-09-28,-0.007346559667114653
2018-10-01,-0.0034106039852295255
2018-10-02,-0.0012193857920786103
2018-10-03,-0.00107130069043239
2018-10-04,-0.009054845653721794
2018-10-05,-0.01337766990988094
2018-10-08,-0.013707842516358378
2018-10-09,-0.014498330446261634
2018-10-10,-0.03968211850736997
2018-10-11,-0.05358284934309842
2018-10-12,-0.04603553820473551
2018-10-15,-0.04904542105263194
2018-10-16,-0.03244561139434796
2018-10-17,-0.033338791404352516
2018-10-18,-0.04507068057070743
2018-10-19,-0.04172255487428748
2018-10-22,-0.04607401416514155
2018-10-23,-0.05516202365122574
2018-10-24,-0.07621982481249209
2018-10-25,-0.06033702864801995
2018-10-26,-0.07564402502896075
2018-10-29,-0.08253394921241194
2018-10-30,-0.07198533761764692
2018-10-31,-0.0601399981086298
2018-11-01,-0.05371108236230031
2018-11-02,-0.05534379652200185
2018-11-05,-0.052422734113978894
2018-11-06,-0.04814194844729138
2018-11-07,-0.02943215694215498
2018-11-08,-0.0322688578001891
2018-11-09,-0.04058157953712721
2018-11-12,-0.05827599342019488
2018-11-13,-0.061348687972889865
2018-11-14,-0.0672411993567129
2018-11-15,-0.058614578467277745
2018-11-16,-0.056216127959543664
2018-11-19,-0.06937006330631296
2018-11-20,-0.08627369760985192
2018-11-21,-0.08509233134918298
2018-11-23,-0.09287854917514059
2018-11-26,-0.0798079834548585
2018-11-27,-0.07690542998927047
2018-11-28,-0.05806497388385496
2018-11-29,-0.058626831893841685
2018-11-30,-0.0508236027633233
2018-12-03,-0.0396267761493259
2018-12-04,-0.06401933251391388
2018-12-06,-0.06556770151206748
2018-12-07,-0.08128033084913722
2018-12-10,-0.08041622326756283
2018-12-11,-0.07995410941215306
2018-12-12,-0.07601018881481349
2018-12-13,-0.07244882725884333
2018-12-14,-0.08930264604381546
2018-12-17,-0.10766663108200619
2018-12-18,-0.10545763285749021
2018-12-19,-0.12003808547064791
2018-12-20,-0.13058537899632736
2018-12-21,-0.14758157894901533
2018-12-24,-0.16759411841234514
2018-12-26,-0.1321247629040665
2018-12-27,-0.12545290579929247
2018-12-28,-0.12795413216233692
2018-12-31,-0.12165202065435374
2019-01-02,-0.11740124838138616
2019-01-03,-0.13576636956706872
2019-01-04,-0.11322338997918456
2019-01-07,-0.10978732302151009
2019-01-08,-0.10328471270932532
2019-01-09,-0.10056560278909166
2019-01-10,-0.09847424256238432
2019-01-11,-0.09962447430419855
2019-01-14,-0.10270778930318544
2019-01-15,-0.09390885885125357
2019-01-16,-0.08776688696523091
2019-01-17,-0.08383846336386404
2019-01-18,-0.07376439364697987
2019-01-22,-0.0860023182130498
2019-01-23,-0.08424604708527181
2019-01-24,-0.08233983932066577
2019-01-25,-0.0760311394997159
2019-01-28,-0.08576076385311461
2019-01-29,-0.08687585927117979
2019-01-30,-0.07115586366559248
2019-01-31,-0.05969627629019211
2019-02-01,-0.06071301426495984
2019-02-04,-0.054937615633957305
2019-02-05,-0.0510919933097242
2019-02-06,-0.05355266332890555
2019-02-07,-0.059914737713163156
2019-02-08,-0.06109211324890574
2019-02-11,-0.06397546114311958
2019-02-12,-0.05265014247670884
2019-02-13,-0.0505906462366849
2019-02-14,-0.05239461571207536
2019-02-15,-0.04178084239070302
2019-02-19,-0.039546041000358724
2019-02-20,-0.03706150387498611
2019-02-21,-0.041341320267698906
2019-02-22,-0.03672742470360665
2019-02-25,-0.033997443753134765
2019-02-26,-0.03555998487724197
2019-02-27,-0.039982703507983004
2019-02-28,-0.044767533249032654
2019-03-01,-0.03968150269669043
2019-03-04,-0.03949846406960169
2019-03-05,-0.037106833861219504
2019-03-06,-0.04027720779757782
2019-03-07,-0.047027906180618875
2019-03-08,-0.04729839443247406
2019-03-11,-0.03636442044504818
2019-03-12,-0.032686734066262005
2019-03-13,-0.027238939093714942
2019-03-14,-0.0282220732119302
2019-03-15,-0.026051185707111187
2019-03-18,-0.021876675862798727
2019-03-19,-0.021466361130365215
2019-03-20,-0.022874102959019208
2019-03-21,-0.014614102157229929
2019-03-22,-0.028245849203263975
2019-03-25,-0.027374736080747402
2019-03-26,-0.02324627392947444
2019-03-27,-0.026639641145499278
2019-03-28,-0.02428392643933281
2019-03-29,-0.018155691128970586
2019-04-01,-0.010027825097152353
2019-04-02,-0.008333392109683813
2019-04-03,-0.007390247238263071
2019-04-04,-0.003990901953570356
2019-04-05,-1.0746598803199159e-06
2019-04-08,0.0
2019-04-09,-0.00434889531595519
2019-04-10,-0.0035283382064281855
2019-04-11,-0.004780013770473824
2019-04-12,-0.004379948540810472
2019-04-15,-0.004689733047179888
2019-04-16,-0.004161896598535526
2019-04-17,0.0
2019-04-18,0.0
2019-04-22,0.0
2019-04-23,0.0
2019-04-24,-0.005958840340586552
2019-04-25,-0.0018398208167652288
2019-04-26,0.0
2019-04-29,0.0
2019-04-30,0.0
2019-05-01,-0.005901836911547657
2019-05-02,-0.009960608530641984
2019-05-03,-0.0009435041587499532
2019-05-06,-0.0032411942238161667
2019-05-07,-0.015356346641122166
2019-05-08,-0.017477062006986527
2019-05-09,-0.018184660494985582
2019-05-10,-0.014671961629898951
2019-05-13,-0.03274866990444525
2019-05-14,-0.029181668678588835
2019-05-15,-0.023631479383759556
2019-05-16,-0.01809561891894685
2019-05-17,-0.022218361661020196
2019-05-20,-0.025619509067197534
2019-05-21,-0.02099201084317274
2019-05-22,-0.023861085468722544
2019-05-23,-0.031843387072452614
2019-05-24,-0.0294212268472876
2019-05-28,-0.03605657673999765
2019-05-29,-0.042777910781356544
2019-05-30,-0.040717464113525136
2019-05-31,-0.0513101712886852
2019-06-03,-0.05629114152204349
2019-06-04,-0.041227112894768964
2019-06-05,-0.03449683354614932
2019-06-06,-0.027501278616637197
2019-06-07,-0.01769870811839561
2019-06-10,-0.012290109237099302
2019-06-11,-0.010471690261252258
2019-06-12,-0.012803279037888016
2019-06-13,-0.007960282442281488
2019-06-14,-0.005164267612308986
2019-06-17,-0.0017078984017066543
2019-06-18,0.0
2019-06-19,0.0
2019-06-20,0.0
2019-06-21,0.0
2019-06-24,0.0
2019-06-25,-0.0078011757659908615
2019-06-26,-0.008779142728907067
2019-06-27,-0.0067534872426016305
2019-06-28,-0.002715331195587622
2019-07-01,0.0
2019-07-02,0.0
2019-07-03,0.0
2019-07-05,-0.0023153851102516864
2019-07-08,-0.0033184327536620907
2019-07-09,-0.0019278065999259156
2019-07-10,0.0
2019-07-11,0.0
2019-07-12,0.0
2019-07-15,-0.0004579320274883033
2019-07-16,-0.0036470611573239764
2019-07-17,-0.008722187130970664
2019-07-18,-0.0071870143793282175
2019-07-19,-0.012347310434996012
2019-07-22,-0.009484994507239
2019-07-23,-0.005200085984032963
2019-07-24,-0.0049026155827344075
2019-07-25,-0.00890465943995376
2019-07-26,-0.007559192256740625
2019-07-29,-0.005145454923296872
2019-07-30,-0.004828296438801647
2019-07-31,-0.014138093627472523
2019-08-01,-0.022223078367803822
2019-08-02,-0.02777896229405674
2019-08-05,-0.049708888828020846
2019-08-06,-0.03870799368931936
2019-08-07,-0.039351527389667386
2019-08-08,-0.024362039633267076
2019-08-09,-0.02996076698791808
2019-08-12,-0.038130944027251694
2019-08-13,-0.025653904551924858
2019-08-14,-0.048886498699705336
2019-08-15,-0.045996146406316774
2019-08-16,-0.03728984388281591
2019-08-19,-0.029696565668275762
2019-08-20,-0.033606838957059786
2019-08-21,-0.028188583328339283
2019-08-22,-0.030995323172007858
2019-08-23,-0.05016498830446351
2019-08-26,-0.042658822203223944
2019-08-27,-0.04418194819561706
2019-08-28,-0.03872154699491635
2019-08-29,-0.027855488706361013
2019-08-30,-0.026708334495282874
2019-09-03,-0.03113789054828276
2019-09-04,-0.02334834041390427
2019-09-05,-0.014739648055137668
2019-09-06,-0.01474565478636966
2019-09-09,-0.011186166945374658
2019-09-10,-0.00902373754095487
2019-09-11,-0.0021973886339082204
2019-09-12,-0.002510351088416139
2019-09-13,-0.0027461362843470287
2019-09-16,-0.004795377266196939
2019-09-17,-0.0034215571753895948
2019-09-18,-0.0012044233024653239
2019-09-19,-0.0015044135441348778
2019-09-20,-0.0030057865700727437
2019-09-23,-0.003970806622840538
2019-09-24,-0.012493284047183535
2019-09-25,-0.00969165971652242
2019-09-26,-0.01498181158072792
2019-09-27,-0.017097363176303802
2019-09-30,-0.01442158173318313
2019-10-01,-0.024039767589526608
2019-10-02,-0.03685722622014298
2019-10-03,-0.032198695489377975
2019-10-04,-0.02032924356975213
2019-10-07,-0.024642013257316568
2019-10-08,-0.03531664856657463
2019-10-09,-0.029059598970024005
2019-10-10,-0.0241488111959927
2019-10-11,-0.01495065631712144
2019-10-14,-0.01535982601191204
2019-10-15,-0.00604692657093167
2019-10-16,-0.0063577938441472664
2019-10-17,-0.001597458672595202
2019-10-18,-0.008372854373995355
2019-10-21,0.0
2019-10-22,0.0
2019-10-23,0.0
2019-10-24,0.0
2019-10-25,0.0
2019-10-28,0.0
2019-10-29,-0.0017602616443195267
2019-10-30,0.0
2019-10-31,-0.0006857912833829187
2019-11-01,0.0
2019-11-04,0.0
2019-11-05,-0.002039125075009692
2019-11-06,-0.0035441526791347403
2019-11-07,-0.0014943238345500925
2019-11-08,-0.0010895618569190227
2019-11-11,-0.004755002646897125
2019-11-12,-0.00278030884397696
2019-11-13,-0.0021080517323225786
2019-11-14,-0.0013770893778059143
2019-11-15,0.0
2019-11-18,0.0
2019-11-19,-0.003557066572927593
2019-11-20,-0.005834580161746329
2019-11-21,-0.005335837750787744
2019-11-22,-0.0036088114919116334
2019-11-25,0.0
2019-11-26,0.0
2019-11-27,0.0
2019-11-29,-0.003276126887667844
2019-12-02,-0.010845456180538485
2019-12-03,-0.016778153458227196
2019-12-04,-0.010853664850423515
2019-12-05,-0.009676471204441064
2019-12-06,-0.002070216304092627
2019-12-09,-0.0039994213474803
2019-12-10,-0.004585686131072015
2019-12-11,-0.0026686929858391563
2019-12-12,0.0
2019-12-13,0.0
2019-12-16,0.0
2019-12-17,0.0
2019-12-18,-0.00020910224779019057
2019-12-19,0.0
2019-12-20,0.0
2019-12-23,0.0
2019-12-24,0.0
2019-12-26,0.0
2019-12-27,-0.00023946869156905658
2019-12-30,-0.00575799976144195
2019-12-31,-0.003629306426702437
2020-01-02,0.0
2020-01-03,-0.005345013948855497
2020-01-06,-0.0015591656950273084
2020-01-07,-0.0051746513569944
2020-01-08,-0.00173328111338398
2020-01-09,0.0
2020-01-10,-0.002212054162120156
2020-01-13,0.0
2020-01-14,-0.0016086301428337104
2020-01-15,0.0
2020-01-16,0.0
2020-01-17,0.0
2020-01-21,-0.002787146254645677
2020-01-22,-0.004277077217188549
2020-01-23,-0.0043639255733188215
2020-01-24,-0.011142454261120156
2020-01-27,-0.02135334083603244
2020-01-28,-0.013764744655438614
2020-01-29,-0.011757508841302312
2020-01-30,-0.009717942370875638
2020-01-31,-0.02549199349667108
2020-02-03,-0.024673152282195143
2020-02-04,-0.013606298097696723
2020-02-05,-0.0006217937620895416
2020-02-06,0.0
2020-02-07,-0.003981726210849107
2020-02-10,0.0
2020-02-11,-0.00046627235127151334
2020-02-12,0.0
2020-02-13,0.0
2020-02-14,0.0
2020-02-18,-0.0008439230417424691
2020-02-19,0.0
2020-02-20,-0.002863038861191357
2020-02-21,-0.0097084260474315
2020-02-24,-0.038785442626579666
2020-02-25,-0.06164624597505083
2020-02-26,-0.06483848751442202
2020-02-27,-0.101936439375897
2020-02-28,-0.10548215535239287
2020-03-02,-0.07126016056245399
2020-03-03,-0.09219110994638659
2020-03-04,-0.05865505231359641
2020-03-05,-0.08086096642534567
2020-03-06,-0.09274489361766995
2020-03-09,-0.15721844601990517
2020-03-10,-0.12770484364452422
2020-03-11,-0.16432037129828284
2020-03-12,-0.23615512817546297
2020-03-13,-0.17611366990211677
2020-03-16,-0.260326333226479
2020-03-17,-0.22865562917720433
2020-03-18,-0.2767666448002632
2020-03-19,-0.2684959462955337
2020-03-20,-0.29448845104517424
2020-03-23,-0.3113723140115839
2020-03-24,-0.24977561441230528
2020-03-25,-0.2415447515568194
2020-03-26,-0.20152014218212821
2020-03-27,-0.22737878982494025
2020-03-30,-0.2022811812807036
2020-03-31,-0.2109560146733207
2020-04-01,-0.23761854862151444
2020-04-02,-0.21549170377570057
2020-04-03,-0.2270090412922398
2020-04-06,-0.18830201213218473
2020-04-07,-0.1880881829671818
2020-04-08,-0.16365335567919845
2020-04-09,-0.15507679496859994
2020-04-13,-0.16317019917767556
2020-04-14,-0.14715599259376574
2020-04-15,-0.15684785770376392
2020-04-16,-0.1541605574160067
2020-04-17,-0.13316195437412545
2020-04-20,-0.1483742126248691
2020-04-21,-0.16671652154257535
2020-04-22,-0.15085365512638074
2020-04-23,-0.1444789431091069
2020-04-24,-0.13607406230549104
2020-04-27,-0.12964953328591602
2020-04-28,-0.13322616087041936
2020-04-29,-0.11586717382628157
2020-04-30,-0.1198977870982327
2020-05-01,-0.14118657023859113
2020-05-04,-0.13643893750298375
2020-05-05,-0.13095454276515447
2020-05-06,-0.13940899328721174
2020-05-07,-0.13261939387529587
2020-05-08,-0.11851615792598304
2020-05-11,-0.12295226135487426
2020-05-12,-0.13695481936003462
2020-05-13,-0.14924778849195328
2020-05-14,-0.137059472204805
2020-05-15,-0.136028908366899
2020-05-18,-0.11328587618692335
2020-05-19,-0.12535053658802034
2020-05-20,-0.11081554166202545
2020-05-21,-0.11701293113111269
2020-05-22,-0.11514715974015073
2020-05-26,-0.10300712220123352
2020-05-27,-0.08866134306512856
2020-05-28,-0.0935774121078209
2020-05-29,-0.09156803039727766
2020-06-01,-0.08579500235390013
2020-06-02,-0.0779877670960605
2020-06-03,-0.06834630788450761
2020-06-04,-0.07305213905281942
2020-06-05,-0.05145162076545549
2020-06-08,-0.04169560790832491
2020-06-09,-0.04358746047914714
2020-06-10,-0.04933791180559942
2020-06-11,-0.09861804522769699
2020-06-12,-0.08961148932506657
2020-06-15,-0.08500874376783175
2020-06-16,-0.0696124149622019
2020-06-17,-0.07492059270534167
2020-06-18,-0.07417874434785209
2020-06-19,-0.07884423524223334
2020-06-22,-0.074016487858711
2020-06-23,-0.06964608965174546
2020-06-24,-0.09003162538644242
2020-06-25,-0.078477394108625
2020-06-26,-0.10433220574315318
2020-06-29,-0.09277954704218112
2020-06-30,-0.08075278438502827
2020-07-01,-0.07805532060442662
2020-07-02,-0.07541963007278023
2020-07-06,-0.06084659341725512
2020-07-07,-0.07065207212417879
2020-07-08,-0.062297650685127104
2020-07-09,-0.07070514003952802
2020-07-10,-0.058876533517573125
2020-07-13,-0.05857420855920367
2020-07-14,-0.04231103897312365
2020-07-15,-0.040728386827619825
2020-07-16,-0.04024247802103561
2020-07-17,-0.0418377960529831
2020-07-20,-0.03852580399938547
2020-07-21,-0.03180172045435864
2020-07-22,-0.03198101484536043
2020-07-23,-0.04116330035031262
2020-07-24,-0.045038692924158366
2020-07-27,-0.03956967119777547
2020-07-28,-0.04317569269386839
2020-07-29,-0.03434426888657501
2020-07-30,-0.04241565813552984
2020-07-31,-0.03463640823432215
2020-08-03,-0.031395515271585114
2020-08-04,-0.02516033525207833
2020-08-05,-0.01763492691664695
2020-08-06,-0.009992230607124338
2020-08-07,-0.00811789576081383
2020-08-10,-0.0015511018898825598
2020-08-11,-0.010180065880070784
2020-08-12,0.0
2020-08-13,-0.002877787512430784
2020-08-14,-0.0038060030925562223
2020-08-17,-0.004320615841177385
2020-08-18,-0.004229362780913224
2020-08-19,-0.009124924326498213
2020-08-20,-0.007300084720213304
2020-08-21,-0.0032451438730051988
2020-08-24,0.0
2020-08-25,0.0
2020-08-26,0.0
2020-08-27,-9.873911849774295e-05
2020-08-28,0.0
2020-08-31,-0.00417290864401749
2020-09-01,0.0
2020-09-02,0.0
2020-09-03,-0.024898718834753298
2020-09-04,-0.02961990466904064
2020-09-08,-0.05063594746631991
2020-09-09,-0.036020707929722194
2020-09-10,-0.05179194511082525
2020-09-11,-0.05012766271407496
2020-09-14,-0.04435283300048388
2020-09-15,-0.043624047419209874
2020-09-16,-0.04735364430447099
2020-09-17,-0.05428112839482514
2020-09-18,-0.06066626167043505
2020-09-21,-0.072711549697778
2020-09-22,-0.06871709339919836
2020-09-23,-0.0886899192382604
2020-09-24,-0.08337531143659536
2020-09-25,-0.07238828518704794
2020-09-28,-0.060312264711513686
2020-09-29,-0.06503715163971296
2020-09-30,-0.0592417330197082
2020-10-01,-0.059399253876944724
2020-10-02,-0.06374811034968791
2020-10-05,-0.0499907298687329
2020-10-06,-0.060424926798861744
2020-10-07,-0.04742548340603328
2020-10-08,-0.03690688604080694
2020-10-09,-0.030733209262350923
2020-10-12,-0.015345613458943022
2020-10-13,-0.02234226559322042
2020-10-14,-0.02681463256211226
2020-10-15,-0.027443903831807535
2020-10-16,-0.026965690651072318
2020-10-19,-0.041951763225033835
2020-10-20,-0.036691217765313824
2020-10-21,-0.04024644178739851
2020-10-22,-0.03218604842619016
2020-10-23,-0.030317297554829727
2020-10-26,-0.044498499572562474
2020-10-27,-0.04745831607213237
2020-10-28,-0.07749859599172904
2020-10-29,-0.06760358598968527
2020-10-30,-0.07765327955341829
2020-11-02,-0.06322085832770787
2020-11-03,-0.05027418872927937
2020-11-04,-0.03886897886246708
2020-11-05,-0.02189006755111703
2020-11-06,-0.025323280745926616
2020-11-09,-0.010132807843431096
2020-11-10,-0.0057716710415805055
2020-11-11,-0.0015695690080611041
2020-11-12,-0.006926050118187332
2020-11-13,0.0
2020-11-16,0.0
2020-11-17,-0.006485766856517642
2020-11-18,-0.018334481522057463
2020-11-19,-0.016924747125863962
2020-11-20,-0.020787353273950825
2020-11-23,-0.014087263477672363
2020-11-24,0.0
2020-11-25,-0.0034472574244165818
2020-11-27,-0.0030598285539234216
2020-11-30,-0.014028494322973206
2020-12-01,-0.0042392514356792265
2020-12-02,0.0
2020-12-03,-0.0026552968054597394
2020-12-04,0.0
2020-12-07,-0.001822391364483486
2020-12-08,0.0
2020-12-09,-0.004641255474010416
2020-12-10,-0.003350794926155177
2020-12-11,-0.003761717783004348
2020-12-14,-0.011461217883204056
2020-12-15,-0.0003053693166582564
2020-12-16,0.0
2020-12-17,0.0
2020-12-18,-0.005013293681834238
2020-12-21,-0.0017860272709510812
2020-12-22,-0.00782422064902311
2020-12-23,-0.004046087087196348
2020-12-24,-0.001624370553046064
2020-12-28,0.0
2020-12-29,-0.0027480890378780835
2020-12-30,-0.0019387649831297917
2020-12-31,0.0
2021-01-04,-0.007920370806208755
2021-01-05,0.0
2021-01-06,0.0
2021-01-07,0.0
2021-01-08,0.0
2021-01-11,-0.0038035965913370217
2021-01-12,-1.7590476882729534e-06
2021-01-13,0.0
2021-01-14,0.0
2021-01-15,-0.007882035487760905
2021-01-19,-0.0018476418067794585
2021-01-20,0.0
2021-01-21,-0.0006716995400549107
2021-01-22,-0.0015570183089995322
2021-01-25,0.0
2021-01-26,-0.0016767906498249508
2021-01-27,-0.022083076618129433
2021-01-28,-0.015321127205778527
2021-01-29,-0.035133666308890456
2021-02-01,-0.02549551822402295
2021-02-02,-0.014336650203716673
2021-02-03,-0.011952009314946568
2021-02-04,-0.007830041676625935
2021-02-05,-0.004010559241057823
2021-02-08,0.0
2021-02-09,-0.00075378662199859
2021-02-10,0.0
2021-02-11,-0.0038555988552004504
2021-02-12,-0.00271342100438005
2021-02-16,-0.0014616202643323614
2021-02-17,0.0
2021-02-18,-0.0022563774523368493
2021-02-19,-0.006084966963967114
2021-02-22,-0.006806015918997089
2021-02-23,-0.004595618116216952
2021-02-24,0.0
2021-02-25,-0.01472695216622419
2021-02-26,-0.021378814257362645
2021-03-01,-0.004054338819751549
2021-03-02,-0.009866487633502867
2021-03-03,-0.01806737126274052
2021-03-04,-0.02418771048125552
2021-03-05,-0.008444826848106702
2021-03-08,-0.009627979923810415
2021-03-09,0.0
2021-03-10,0.0
2021-03-11,0.0
2021-03-12,0.0
2021-03-15,0.0
2021-03-16,-0.002360516091672573
2021-03-17,-0.0008976712881140919
2021-03-18,-0.01039382242222481
2021-03-19,-0.010093109708437215
2021-03-22,-0.006942666143367819
2021-03-23,-0.009083035278247085
2021-03-24,-0.007972106269778368
2021-03-25,-0.006359252135973502
2021-03-26,0.0
2021-03-29,0.0
2021-03-30,-0.003834888802030465
2021-03-31,-0.0024516982229739683
2021-04-01,0.0
2021-04-05,0.0
2021-04-06,-0.0017726736571937536
2021-04-07,0.0
2021-04-08,0.0
2021-04-09,0.0
2021-04-12,-0.0012377951197700752
2021-04-13,-0.0007386244411615728
2021-04-14,-0.0009166443739017712
2021-04-15,0.0
2021-04-16,0.0
2021-04-19,-0.00385223406115304
2021-04-20,-0.009298548715939072
2021-04-21,-0.004874113470619441
2021-04-22,-0.014615583970042112
2021-04-23,-0.008939330029487283
2021-04-26,-0.009974374354576486
2021-04-27,-0.008887781576246602
2021-04-28,-0.006088482039931446
2021-04-29,0.0
2021-04-30,-0.006840986428619642
2021-05-03,-0.0017333579857264686
2021-05-04,-0.0021271594001969476
2021-05-05,0.0
2021-05-06,0.0
2021-05-07,0.0
2021-05-10,-0.0040872474328278625
2021-05-11,-0.015301494407598074
2021-05-12,-0.030111084242805453
2021-05-13,-0.02057606566586798
2021-05-14,-0.007807751417286589
2021-05-17,-0.006970488948052747
2021-05-18,-0.017516792520130747
2021-05-19,-0.021987527148895167
2021-05-20,-0.01640577061261296
2021-05-21,-0.015097815663547948
2021-05-24,-0.008327467112594768
2021-05-25,-0.010326397485867866
2021-05-26,-0.009177943082554695
2021-05-27,-0.00884995772719089
2021-05-28,-0.009160644643274379
2021-06-01,-0.007372078064422035
2021-06-02,-0.0048919264706037465
2021-06-03,-0.007105770475246673
2021-06-04,-0.0017361660126424523
2021-06-07,-0.004108633259925588
2021-06-08,-0.0028481981583876425
2021-06-09,-0.004848324634880391
2021-06-10,-0.0048082535135828075
2021-06-11,-0.007686242567966906
2021-06-14,-0.007931749449428115
2021-06-15,-0.007514842603698487
2021-06-16,-0.012060226164031441
2021-06-17,-0.016096502974383885
2021-06-18,-0.029071177399425562
2021-06-21,-0.016662157524578954
2021-06-22,-0.011899941056693794
2021-06-23,-0.012355527473286828
2021-06-24,-0.007695391612778039
2021-06-25,-0.006387034883392139
2021-06-28,-0.004282931955338309
2021-06-29,-0.0053820728531922745
2021-06-30,-0.0011075907227751066
2021-07-01,0.0
2021-07-02,0.0
2021-07-06,-0.002036910673278574
2021-07-07,0.0
2021-07-08,-0.006417401466877449
2021-07-09,0.0
2021-07-12,0.0
2021-07-13,-0.003481257975884355
2021-07-14,-0.003014253081799079
2021-07-15,-0.0019213458440622306
2021-07-16,-0.010889884629154772
2021-07-19,-0.025931250457270405
2021-07-20,-0.014695080189896082
2021-07-21,-0.00783317972589887
2021-07-22,-0.005974756375200886
2021-07-23,0.0
2021-07-26,0.0
2021-07-27,-0.0028961415348422925
2021-07-28,-0.003592917651495205
2021-07-29,-0.001441221144715041
2021-07-30,-0.009180285887041922
2021-08-02,-0.009350181431039422
2021-08-03,-0.0012355255184135004
2021-08-04,-0.00654824958343945
2021-08-05,-0.0025411637712104804
2021-08-06,-0.00105081391494076
2021-08-09,-0.004564927061666091
2021-08-10,0.0
2021-08-11,0.0
2021-08-12,0.0
2021-08-13,0.0
2021-08-16,0.0
2021-08-17,-0.007093815975030949
2021-08-18,-0.016939504158150414
2021-08-19,-0.018555268630063466
2021-08-20,-0.01245872254104518
2021-08-23,-0.0058331830964243265
2021-08-24,-0.004173344938420122
2021-08-25,-0.0034495667806833594
2021-08-26,-0.007811321315703092
2021-08-27,-0.0006665322520961283
2021-08-30,0.0
2021-08-31,-0.0028535544350179274
2021-09-01,-0.003192821777008839
2021-09-02,0.0
2021-09-03,-0.0016271405005203422
2021-09-07,-0.005543468286281576
2021-09-08,-0.007214472872794423
2021-09-09,-0.010610515161150734
2021-09-10,-0.01676122294966974
2021-09-13,-0.009626495359826638
2021-09-14,-0.015173816779007206
2021-09-15,-0.009371298167649391
2021-09-16,-0.013968614480151716
2021-09-17,-0.022232940774666903
2021-09-20,-0.03823224806618186
2021-09-21,-0.037524044855874995
2021-09-22,-0.031098065118114398
2021-09-23,-0.023706267359466317
2021-09-24,-0.02239814047461632
2021-09-27,-0.0202817553007967
2021-09-28,-0.03350522976548471
2021-09-29,-0.03227885245115856
2021-09-30,-0.04283099449088621
2021-10-01,-0.03330662007542704
2021-10-04,-0.042686799696387834
2021-10-05,-0.03499489121496349
2021-10-06,-0.031200991533263802
2021-10-07,-0.025347876365928265
2021-10-08,-0.024276141676875338
2021-10-11,-0.03210377556486619
2021-10-12,-0.03379840198589798
2021-10-13,-0.03111286543023691
2021-10-14,-0.01769185664097807
2021-10-15,-0.008635225650083818
2021-10-18,-0.005613656776432122
2021-10-19,0.0
2021-10-20,0.0
2021-10-21,-4.583001551843779e-05
2021-10-22,-0.0014682421751402914
2021-10-25,0.0
2021-10-26,0.0
2021-10-27,-0.004341290734803468
2021-10-28,0.0
2021-10-29,0.0
2021-11-01,-0.0001847036706677852
2021-11-02,0.0
2021-11-03,-0.00022171876646103524
2021-11-04,0.0
2021-11-05,0.0
2021-11-08,0.0
2021-11-09,0.0
2021-11-10,-0.008146236152366478
2021-11-11,-0.008617400538303214
2021-11-12,-0.0018260776869191643
2021-11-15,-0.0005630917816922274
2021-11-16,0.0
2021-11-17,-0.001146474893380468
2021-11-18,0.0
2021-11-19,-0.0038452262629004924
2021-11-22,-0.004787922183741426
2021-11-23,0.0
2021-11-24,0.0
2021-11-26,-0.018571949933730493
2021-11-29,-0.01168539063061723
2021-11-30,-0.026163017519312704
2021-12-01,-0.029170244077124437
2021-12-02,-0.020149784462913666
2021-12-03,-0.022434672829024026
2021-12-06,-0.00930547063717775
2021-12-07,0.0
2021-12-08,0.0
2021-12-09,0.0
2021-12-10,0.0
2021-12-13,-0.00407945034753989
2021-12-14,-0.007152852604793004
2021-12-15,0.0
2021-12-16,-0.002288875657767245
2021-12-17,-0.01630564245623616
2021-12-20,-0.027565101185144412
2021-12-21,-0.017127328927614007
2021-12-22,-0.01036970378026901
2021-12-23,-0.006123732521770073
2021-12-27,0.0
2021-12-28,0.0
2021-12-29,-0.0004942943155370849
2021-12-30,-0.0014594159163109086
2021-12-31,-0.002784589177624497
2022-01-03,0.0
2022-01-04,0.0
2022-01-05,-0.008429462443741138
2022-01-06,-0.012319793211425093
2022-01-07,-0.011228733531454123
2022-01-10,-0.015454509801001447
2022-01-11,-0.007458627452077151
2022-01-12,-0.007423387822730013
2022-01-13,-0.01406178537090705
2022-01-14,-0.01832166879211264
2022-01-18,-0.03490074858500986
2022-01-19,-0.03835213233327084
2022-01-20,-0.044084985057814545
2022-01-21,-0.056414206027833834
2022-01-24,-0.053801957047239404
2022-01-25,-0.06042738295114389
2022-01-26,-0.06386692113317834
2022-01-27,-0.06132620213609505
2022-01-28,-0.053740357419550036
2022-01-31,-0.040048082523389116
2022-02-01,-0.0325066511841024
2022-02-02,-0.026782627762415922
2022-02-03,-0.06039643032274354
2022-02-04,-0.05256450879934452
2022-02-07,-0.054420766958400424
2022-02-08,-0.05132734787080827
2022-02-09,-0.04300730510123664
2022-02-10,-0.05677188007876541
2022-02-11,-0.06506161606046212
2022-02-14,-0.06872262558261323
2022-02-15,-0.06337292818540685
2022-02-16,-0.0633948290057858
2022-02-17,-0.07601069889509521
2022-02-18,-0.08150599296548418
2022-02-22,-0.0923455028167013
2022-02-23,-0.1036789994374367
2022-02-24,-0.09744883495606363
2022-02-25,-0.07861132126106207
2022-02-28,-0.07815859432827237
2022-03-01,-0.08519888621869205
2022-03-02,-0.07315115136188088
2022-03-03,-0.07318363001050422
2022-03-04,-0.07109093794601223
2022-03-07,-0.0803902624733873
2022-03-08,-0.08123836451745614
2022-03-09,-0.07467711671516178
2022-03-10,-0.07373281861911121
2022-03-11,-0.08233090936534795
2022-03-14,-0.08834048141962463
2022-03-15,-0.0778250325402359
2022-03-16,-0.06516187257478447
2022-03-17,-0.05491658619051013
2022-03-18,-0.04835716105559166
2022-03-21,-0.049115347043875345
2022-03-22,-0.043604541931971656
2022-03-23,-0.04805788756916408
2022-03-24,-0.04114085764460516
2022-03-25,-0.03680328845940247
2022-03-28,-0.036072399722222856
2022-03-29,-0.03181469132774645
2022-03-30,-0.03249053233712023
2022-03-31,-0.045702811089591025
2022-04-01,-0.042389300241495
2022-04-04,-0.0367319303061035
2022-04-05,-0.04370143435575778
2022-04-06,-0.04907702809486909
2022-04-07,-0.04624096795619642
2022-04-08,-0.04320522373160492
2022-04-11,-0.05720846303835762
2022-04-12,-0.05632826534389497
2022-04-13,-0.04967593165146773
2022-04-14,-0.0560714062212245
2022-04-18,-0.05500287016433345
2022-04-19,-0.044122829111340786
2022-04-20,-0.04349289420214228
2022-04-21,-0.06127003053907935
2022-04-22,-0.08404695816838857
2022-04-25,-0.08060583710551886
2022-04-26,-0.09690927322691252
2022-04-27,-0.09705470498596049
2022-04-28,-0.07274983174524546
2022-04-29,-0.10004647235264474
2022-05-02,-0.09511637961303859
2022-05-03,-0.09122127988738248
2022-05-04,-0.06811570571499811
2022-05-05,-0.09711844012187426
2022-05-06,-0.09816859840405605
2022-05-09,-0.11993635800783502
2022-05-10,-0.12098437375389037
2022-05-11,-0.12940059381532368
2022-05-12,-0.1310263197837781
2022-05-13,-0.11789635094287432
2022-05-16,-0.11485111102923967
2022-05-17,-0.10210767674492696
2022-05-18,-0.12857238986727135
2022-05-19,-0.13171383651897556
2022-05-20,-0.13118840298465326
2022-05-23,-0.1166851294961039
2022-05-24,-0.11720273184841877
2022-05-25,-0.11157048935315451
2022-05-26,-0.0995501601755246
2022-05-27,-0.08475668206092438
2022-05-31,-0.09134727031383676
2022-06-01,-0.09363777700705149
2022-06-02,-0.08176812166306875
2022-06-03,-0.09014856478170628
2022-06-06,-0.08820434036756129
2022-06-07,-0.08003490459374647
2022-06-08,-0.08567209670574238
2022-06-09,-0.10344859319744489
2022-06-10,-0.1260721141898333
2022-06-13,-0.15412039524567572
2022-06-14,-0.16046874929236252
2022-06-15,-0.15038161950929574
2022-06-16,-0.1709259356115219
2022-06-17,-0.1755929665098669
2022-06-21,-0.16126234859422517
2022-06-22,-0.16391419531065193
2022-06-23,-0.16011504536726817
2022-06-24,-0.14176435966183876
2022-06-27,-0.14248568391952215
2022-06-28,-0.15409436577299368
2022-06-29,-0.15282702018161082
2022-06-30,-0.16007049257465314
2022-07-01,-0.15014065292226428
2022-07-05,-0.15193930026544947
2022-07-06,-0.15221270646102597
2022-07-07,-0.14203394405936787
2022-07-08,-0.14437494237905973
2022-07-11,-0.15102327519041558
2022-07-12,-0.1570049376058694
2022-07-13,-0.15843548682754802
2022-07-14,-0.16526036585559722
2022-07-15,-0.15130855591688025
2022-07-18,-0.1541282557288478
2022-07-19,-0.1353423782622608
2022-07-20,-0.1309136969117523
2022-07-21,-0.1256922973241496
2022-07-22,-0.13041723475016984
2022-07-25,-0.1274466295790862
2022-07-26,-0.1372512557717903
2022-07-27,-0.12123672796067765
2022-07-28,-0.11266478253614631
2022-07-29,-0.09843740959726631
2022-08-01,-0.09962679689830077
2022-08-02,-0.10916319449653149
2022-08-03,-0.09810855402744229
2022-08-04,-0.10026061295532386
2022-08-05,-0.09922215339884437
2022-08-08,-0.09791902762131206
2022-08-09,-0.09669633749876784
2022-08-10,-0.08283263451163031
2022-08-11,-0.08254099371086436
2022-08-12,-0.07228603979685788
2022-08-15,-0.07208168086262931
2022-08-16,-0.06861582739876997
2022-08-17,-0.07262892174847796
2022-08-18,-0.07029333886012555
2022-08-19,-0.07975425752908086
2022-08-22,-0.09289596348203655
2022-08-23,-0.09303618305704044
2022-08-24,-0.09189641486915945
2022-08-25,-0.08085688951912977
2022-08-26,-0.10347132633423313
2022-08-29,-0.10662012073163651
2022-08-30,-0.11671600191803341
2022-08-31,-0.12183822444196049
2022-09-01,-0.1193020766605277
2022-09-02,-0.12544033744487587
2022-09-06,-0.12974687867651952
2022-09-07,-0.11999202012222686
2022-09-08,-0.11625250366346572
2022-09-09,-0.10468355354395441
2022-09-12,-0.0973868670662042
2022-09-13,-0.13032177365821257
2022-09-14,-0.12855743676464554
2022-09-15,-0.1369321758660492
2022-09-16,-0.14276445731531384
2022-09-19,-0.13690165420463574
2022-09-20,-0.14488435737648206
2022-09-21,-0.15662744199919568
2022-09-22,-0.15973474839841356
2022-09-23,-0.17434670751439463
2022-09-26,-0.1833706661009671
2022-09-27,-0.18647477132863027
2022-09-28,-0.16887038998496154
2022-09-29,-0.18290556874490538
2022-09-30,-0.19312318299806908
2022-10-03,-0.17159204492396696
2022-10-04,-0.15123295967564618
2022-10-05,-0.15227854489084472
2022-10-06,-0.15737850129091202
2022-10-07,-0.1751989579037799
2022-10-10,-0.1804477377318951
2022-10-11,-0.18535332433744206
2022-10-12,-0.18647372679288662
2022-10-13,-0.1706620260721491
2022-10-14,-0.18497087912691831
2022-10-17,-0.16776646164330342
2022-10-18,-0.16047051944268967
2022-10-19,-0.16326231782912826
2022-10-20,-0.16961944008250546
2022-10-21,-0.1517677739662184
2022-10-24,-0.14432239110993222
2022-10-25,-0.13318587636992874
2022-10-26,-0.1386008000682067
2022-10-27,-0.1498061582119715
2022-10-28,-0.13519370967829727
2022-10-31,-0.1422208245890996
2022-11-01,-0.1429129144450067
2022-11-02,-0.15847868603533474
2022-11-03,-0.1617830578508246
2022-11-04,-0.1512929188658536
2022-11-07,-0.1435304070799383
2022-11-08,-0.1394502774020657
2022-11-09,-0.1500467040309962
2022-11-10,-0.11246636662678061
2022-11-11,-0.10748692688043676
2022-11-14,-0.11243218116215771
2022-11-15,-0.10846357023619593
2022-11-16,-0.10976665617605542
2022-11-17,-0.11369540775722417
2022-11-18,-0.11122464417269963
2022-11-21,-0.11368018289123527
2022-11-22,-0.10264021123751484
2022-11-23,-0.09905039107160522
2022-11-25,-0.09893291252598592
2022-11-28,-0.1113025211397352
2022-11-29,-0.11287395838897943
2022-11-30,-0.0916071720636747
2022-12-01,-0.0916355514182675
2022-12-02,-0.09104073909715737
2022-12-05,-0.1045228692448494
2022-12-06,-0.1169980424410339
2022-12-07,-0.11514503732793041
2022-12-08,-0.10956640866481758
2022-12-09,-0.11755380317057104
2022-12-12,-0.10640347621913285
2022-12-13,-0.09733630053089308
2022-12-14,-0.1000991880919177
2022-12-15,-0.11789735262292125
2022-12-16,-0.12236982284937827
2022-12-19,-0.12960093447258705
2022-12-20,-0.12636855626622845
2022-12-21,-0.11484882574829311
2022-12-22,-0.12648866012543786
2022-12-23,-0.12056537655906266
2022-12-27,-0.12161498834393411
2022-12-28,-0.13027724186307893
2022-12-29,-0.11988421151478042
2022-12-30,-0.12119689496660341
2023-01-03,-0.12155222455020198
2023-01-04,-0.12149075306125082
2023-01-05,-0.12905969763655326
2023-01-06,-0.11479112468053863
2023-01-09,-0.1163009753495193
2023-01-10,-0.11054059541390587
2023-01-11,-0.10077039288967216
2023-01-12,-0.09402046624264049
2023-01-13,-0.08940833231853203
2023-01-17,-0.09667603849838642
2023-01-18,-0.10903208988197798
2023-01-19,-0.11392819135902733
2023-01-20,-0.10754013686531064
2023-01-23,-0.10206400716796646
2023-01-24,-0.09717363713738365
2023-01-25,-0.1021052996296166
2023-01-26,-0.09169097331297177
2023-01-27,-0.09234920020087137
2023-01-30,-0.1030126282556694
2023-01-31,-0.09428870650482205
2023-02-01,-0.09137774027373423
2023-02-02,-0.07675323183420145
2023-02-03,-0.08441235144118814
2023-02-06,-0.08513270101858271
2023-02-07,-0.0777729354755917
2023-02-08,-0.08581537032669831
2023-02-09,-0.0965647767618725
2023-02-10,-0.09116790384074054
2023-02-13,-0.08224531055024908
2023-02-14,-0.08530262199460865
2023-02-15,-0.08478199565116375
2023-02-16,-0.09567633679170603
2023-02-17,-0.09611641177677378
2023-02-21,-0.11322419723441418
2023-02-22,-0.11473880830880555
2023-02-23,-0.11129609243120069
2023-02-24,-0.11808189019568378
2023-02-27,-0.1167188277355468
2023-02-28,-0.11994992708489226
2023-03-01,-0.12298251032420596
2023-03-02,-0.1174106856210299
2023-03-03,-0.10155756705091477
2023-03-06,-0.10058667522266952
2023-03-07,-0.1125362055569893
2023-03-08,-0.11214083116562316
2023-03-09,-0.12405257100459016
2023-03-10,-0.12975060503003835
2023-03-13,-0.12879866390132122
2023-03-14,-0.1184195930978208
2023-03-15,-0.12370300919115708
2023-03-16,-0.1145245545225418
2023-03-17,-0.12300600536908599
2023-03-20,-0.11597283517645723
2023-03-21,-0.10689051258046008
2023-03-22,-0.11764693281606105
2023-03-23,-0.11635874038367762
2023-03-24,-0.11296042818307461
2023-03-27,-0.11274814644594597
2023-03-28,-0.11349298456027074
2023-03-29,-0.10552184323520881
2023-03-30,-0.1002407906817969
2023-03-31,-0.08994960624305268
2023-04-03,-0.08063186944703436
2023-04-04,-0.08364980895852363
2023-04-05,-0.08272538430203262
2023-04-06,-0.08105179741829385
2023-04-10,-0.08139367252029739
2023-04-11,-0.08062081950320149
2023-04-12,-0.081398569022884
2023-04-13,-0.07044781211731636
2023-04-14,-0.06895395869316757
2023-04-17,-0.06887170613098194
2023-04-18,-0.06954864191747816
2023-04-19,-0.069845025802581
2023-04-20,-0.07135096612421761
2023-04-21,-0.06985550523039484
2023-04-24,-0.06610969273706215
2023-04-25,-0.07521573830704648
2023-04-26,-0.08199065711296395
2023-04-27,-0.06280768068413084
2023-04-28,-0.05745627383826567
2023-05-01,-0.06193600472373591
2023-05-02,-0.06867960242098661
2023-05-03,-0.07484646637840123
2023-05-04,-0.08250316934899866
2023-05-05,-0.07181959711990464
2023-05-08,-0.07344113658757187
2023-05-09,-0.07542525645066356
2023-05-10,-0.07285312600451398
2023-05-11,-0.07526948688650813
2023-05-12,-0.07582710646501278
2023-05-15,-0.0746505192679987
2023-05-16,-0.08187902706072474
2023-05-17,-0.0708577045710712
2023-05-18,-0.06738227893135326
2023-05-19,-0.06958467913590663
2023-05-22,-0.0735248304509937
2023-05-23,-0.0749722181194377
2023-05-24,-0.07718478897033629
2023-05-25,-0.07899828217953445
2023-05-26,-0.06827726255798079
2023-05-30,-0.06939174733800856
2023-05-31,-0.07413286209875165
2023-06-01,-0.06663751974562808
2023-06-02,-0.051491178428860036
2023-06-05,-0.05480218444033558
2023-06-06,-0.05339057996151059
2023-06-07,-0.05240829342280141
2023-06-08,-0.0471713572134789
2023-06-09,-0.048324814007262025
2023-06-12,-0.04368754658097412
2023-06-13,-0.040685278023140495
2023-06-14,-0.04561781715644986
2023-06-15,-0.03408788196638712
2023-06-16,-0.03767682143069753
2023-06-20,-0.04282953370916025
2023-06-21,-0.042692998751427756
2023-06-22,-0.04261403069214858
2023-06-23,-0.04647913976585017
2023-06-26,-0.04670789913682068
2023-06-27,-0.040421718239444966
2023-06-28,-0.04177034855491565
2023-06-29,-0.037575882486429756
2023-06-30,-0.02745139268169374
2023-07-03,-0.027782681132557177
2023-07-05,-0.030473200678618542
2023-07-06,-0.04239116902066177
2023-07-07,-0.04457996665058527
2023-07-10,-0.04157519432075165
2023-07-11,-0.03520721009279761
2023-07-12,-0.028069052082910783
2023-07-13,-0.025688315291389284
2023-07-14,-0.025850004260020792
2023-07-17,-0.023117328726545698
2023-07-18,-0.016535573153826803
2023-07-19,-0.011617982032916394
2023-07-20,-0.009286167500687557
2023-07-21,-0.008124394955871556
2023-07-24,-0.003084567210682294
2023-07-25,-0.0003868647712371475
2023-07-26,-0.0030734370682773873
2023-07-27,-0.009834953446429108
2023-07-28,-0.0023685295282438613
2023-07-31,0.0
2023-08-01,0.0
2023-08-02,-0.009934786272080007
2023-08-03,-0.01279329398259544
2023-08-04,-0.014583551445691229
2023-08-07,-0.009110186985199832
2023-08-08,-0.012743398444345291
2023-08-09,-0.016095251485145394
2023-08-10,-0.01707363446430341
2023-08-11,-0.012917324214275125
2023-08-14,-0.011872975752748299
2023-08-15,-0.02408132390890353
2023-08-16,-0.03105777890239494
2023-08-17,-0.035739892986188807
2023-08-18,-0.03484937552185397
2023-08-21,-0.03667000178489791
2023-08-22,-0.03981419673677519
2023-08-23,-0.03286455751298191
2023-08-24,-0.04217538068272527
2023-08-25,-0.03638311995462983
2023-08-28,-0.03175116082561802
2023-08-29,-0.022935416501938602
2023-08-30,-0.022037586265953438
2023-08-31,-0.023726898072594906
2023-09-01,-0.019914876652568664
2023-09-05,-0.023360446936019557
2023-09-06,-0.02876284542570005
2023-09-07,-0.02766216755869353
2023-09-08,-0.02437274889684965
2023-09-11,-0.019940875746683302
2023-09-12,-0.019176999539725487
2023-09-13,-0.0167004296353743
2023-09-14,-0.0067047797122179245
2023-09-15,-0.017279673887258918
2023-09-18,-0.014660569028025308
2023-09-19,-0.017577551842084167
2023-09-20,-0.023111108021342745
2023-09-21,-0.03460298671344167
2023-09-22,-0.03384838067223755
2023-09-25,-0.030974492797589518
2023-09-26,-0.04367896981091001
2023-09-27,-0.0478283217458142
2023-09-28,-0.04779767545387569
2023-09-29,-0.05312936910298021
2023-10-02,-0.058687515846947466
2023-10-03,-0.06899676390021924
2023-10-04,-0.07007076870874197
2023-10-05,-0.07363300566911385
2023-10-06,-0.06533013743686043
2023-10-09,-0.057421147885220784
2023-10-10,-0.0530709958839526
2023-10-11,-0.05182104400181345
2023-10-12,-0.0566687341442381
2023-10-13,-0.05159720002468881
2023-10-16,-0.04596678927922059
2023-10-17,-0.047165501004671484
2023-10-18,-0.05591633572786483
2023-10-19,-0.061628154833254574
2023-10-20,-0.0685663231161389
2023-10-23,-0.07238523441422444
2023-10-24,-0.06750930009080382
2023-10-25,-0.0737626521704664
2023-10-26,-0.081424583117289
2023-10-27,-0.0876869277519287
2023-10-30,-0.07539078116038672
2023-10-31,-0.07422201537674403
2023-11-01,-0.06645922132690872
2023-11-02,-0.05174397756270906
2023-11-03,-0.0484650398693002
2023-11-06,-0.049519977497259546
2023-11-07,-0.04907835915053242
2023-11-08,-0.05090518922444072
2023-11-09,-0.058425531652684604
2023-11-10,-0.04786613143917175
2023-11-13,-0.04825330287409943
2023-11-14,-0.03271573040624195
2023-11-15,-0.03387591477060739
2023-11-16,-0.03193770480370693
2023-11-17,-0.027725949413257293
2023-11-20,-0.02517286433287248
2023-11-21,-0.027348412072352554
2023-11-22,-0.022957442257500477
2023-11-24,-0.021842141312569372
2023-11-27,-0.02253834280840077
2023-11-28,-0.01864491293172462
2023-11-29,-0.020568673699990603
2023-11-30,-0.015996948114156365
2023-12-01,-0.008479929739718946
2023-12-04,-0.012267685100778612
2023-12-05,-0.01471099736800238
2023-12-06,-0.015070526597516207
2023-12-07,-0.012728893124949422
2023-12-08,-0.009903845778402049
2023-12-11,-0.010526716708635147
2023-12-12,-0.007727602275109725
2023-12-13,0.0
2023-12-14,0.0
2023-12-15,-0.0007654515234420772
2023-12-18,0.0
2023-12-19,0.0
2023-12-20,-0.010336895034272127
2023-12-21,-0.00614107497803591
2023-12-22,-0.005437062927652732
2023-12-26,-0.0011850602273095767
2023-12-27,0.0
2023-12-28,-0.0009718253664151426
2023-12-29,-0.0032903210641606756
2024-01-02,-0.002520435894577418
2024-01-03,-0.006789643556729191
2024-01-04,-0.009427861349006066
2024-01-05,-0.008316505809478396
2024-01-08,-0.0020186131974469297
2024-01-09,-0.005691176664453416
2024-01-10,-0.0005950409559929627
2024-01-11,-0.0016341794990022676
2024-01-12,-0.0009551725830130995
2024-01-16,-0.009526137485460426
2024-01-17,-0.015698230160330447
2024-01-18,-0.012047987211310054
2024-01-19,-0.006644685507139485
2024-01-22,-0.005230658723097912
2024-01-23,-0.002592388801956627
2024-01-24,-0.0024251552009494693
2024-01-25,0.0
2024-01-26,0.0
2024-01-29,0.0
2024-01-30,0.0
2024-01-31,-0.010071254927775284
2024-02-01,-0.0031976472646923835
2024-02-02,0.0
2024-02-05,-0.00793921658529283
2024-02-06,-0.004179868747634915
2024-02-07,0.0
2024-02-08,-0.0006333795633920847
2024-02-09,-0.001735893067010621
2024-02-12,0.0
2024-02-13,-0.01572972568869513
2024-02-14,-0.011408121440455785
2024-02-15,0.0
2024-02-16,-0.002863746129265677
2024-02-20,-0.0050157424986563585
2024-02-21,-0.00016120269244861257
2024-02-22,0.0
2024-02-23,0.0
2024-02-26,-0.003839615037563855
2024-02-27,-0.004840661240413082
2024-02-28,-0.005198506577778249
2024-02-29,-0.0011018767864849099
2024-03-01,0.0
2024-03-04,-0.0044884557208553725
2024-03-05,-0.009637295014836973
2024-03-06,-0.007454096744696713
2024-03-07,-0.0008789722639626059
2024-03-08,-0.00040078268729495096
2024-03-11,-0.001018454377421573
2024-03-12,0.0
2024-03-13,0.0
2024-03-14,-0.0007335822543655612
2024-03-15,-0.002868232407170118
2024-03-18,-0.0007254221960220386
2024-03-19,0.0
2024-03-20,0.0
2024-03-21,0.0
2024-03-22,-0.0026043986153112472
2024-03-25,-0.006261588364124416
2024-03-26,-0.007814868547045608
2024-03-27,0.0
2024-03-28,0.0
2024-04-01,-0.004841723768281723
2024-04-02,-0.00900940721264155
2024-04-03,-0.008841074870739351
2024-04-04,-0.012969811200838658
2024-04-05,-0.004098044667521268
2024-04-08,-0.004757003943916265
2024-04-09,-0.0020445318046143626
2024-04-10,-0.010324215839480958
2024-04-11,-0.008469378753993633
2024-04-12,-0.02086695446647244
2024-04-15,-0.025134766634889498
2024-04-16,-0.02967535227320485
2024-04-17,-0.028153916258128454
2024-04-18,-0.025901125062990086
2024-04-19,-0.02448043389572341
2024-04-22,-0.018792797864206033
2024-04-23,-0.011281138716290703
2024-04-24,-0.012532062428971771
2024-04-25,-0.0247354714695013
2024-04-26,-0.021284510111901075
2024-04-29,-0.017763531786629472
2024-04-30,-0.031612056739845414
2024-05-01,-0.025933592596622836
2024-05-02,-0.01989001015653351
2024-05-03,-0.010474440888208843
2024-05-06,-0.0033029304402471785
2024-05-07,-0.0008080240078386173
2024-05-08,0.0
2024-05-09,0.0
2024-05-10,0.0
2024-05-13,-0.0012314287267026216
2024-05-14,0.0
2024-05-15,0.0
2024-05-16,-0.0033210985718670374
2024-05-17,0.0
2024-05-20,-0.005900129698315367
2024-05-21,-0.0036115414813129502
2024-05-22,-0.009155412656545188
2024-05-23,-0.02077465912692487
2024-05-24,-0.018007614463216567
2024-05-28,-0.018483346677502798
2024-05-29,-0.02764662925265007
2024-05-30,-0.02647733696817058
2024-05-31,-0.017418875512270844
2024-06-03,-0.02042071304895346
2024-06-04,-0.01962791555576276
2024-06-05,-0.01453975680679996
2024-06-06,-0.013118729346093493
2024-06-07,-0.01833768499446805
2024-06-10,-0.013355245559919893
2024-06-11,-0.01390115878776884
2024-06-12,-0.013257476230539468
2024-06-13,-0.012552325795912174
2024-06-14,-0.012941299778642465
2024-06-17,-0.010450938937270572
2024-06-18,-0.010496569297161059
2024-06-20,-0.003732188363081328
2024-06-21,-0.006024737454292227
2024-06-24,0.0
2024-06-25,-0.0042657445727140655
2024-06-26,-0.0024087507181762015
2024-06-27,0.0
2024-06-28,-0.002812329561798376
2024-07-01,-0.003080209204890284
2024-07-02,0.0
2024-07-03,0.0
2024-07-05,0.0
2024-07-08,-0.0010257615270546155
2024-07-09,-0.0016661656067810423
2024-07-10,0.0
2024-07-11,-0.0010095866927519617
2024-07-12,0.0
2024-07-15,0.0
2024-07-16,0.0
2024-07-17,0.0
2024-07-18,-0.007285645382531165
2024-07-19,-0.013606641360922656
2024-07-22,-0.012078863042379217
2024-07-23,-0.014633131307537921
2024-07-24,-0.022710888973643508
2024-07-25,-0.025184775077849123
2024-07-26,-0.014617569242494499
2024-07-29,-0.01749387429990809
2024-07-30,-0.01397874555924783
2024-07-31,-0.007388513033416533
2024-08-01,-0.012169653942952092
2024-08-02,-0.023021966545382175
2024-08-05,-0.04466343758503134
2024-08-06,-0.0405669464920495
2024-08-07,-0.04124250479477332
2024-08-08,-0.028068096376800297
2024-08-09,-0.02426796837502303
2024-08-12,-0.025173628457394313
2024-08-13,-0.018595874094017254
2024-08-14,-0.014476201721145478
2024-08-15,-0.006521907068193814
2024-08-16,-0.004462004657711932
2024-08-19,-0.0012288168806304407
2024-08-20,-0.0025499420433286396
2024-08-21,-0.00044270198777609767
2024-08-22,-0.004684193227936641
2024-08-23,0.0
2024-08-26,0.0
2024-08-27,-0.0024971687034404506
2024-08-28,-0.006103815240539687
2024-08-29,0.0
2024-08-30,0.0
2024-09-03,-0.011771170317533861
2024-09-04,-0.012828492603553295
2024-09-05,-0.015432040986452539
2024-09-06,-0.026875206215008097
2024-09-09,-0.01616100015295576
2024-09-10,-0.018778586187299925
2024-09-11,-0.015834717677164614
2024-09-12,-0.010028358877355805
2024-09-13,-0.0053990566122095645
2024-09-16,-0.0010037629375980444
2024-09-17,0.0
2024-09-18,-0.002239871881121843
2024-09-19,0.0
2024-09-20,0.0
2024-09-23,0.0
2024-09-24,0.0
2024-09-25,-0.005482413886463512
2024-09-26,-0.0052442730036184266
2024-09-27,-0.0015153868081604475
2024-09-30,0.0
2024-10-01,-0.00023592570392599229
2024-10-02,0.0
2024-10-03,-0.002933140836733294
2024-10-04,0.0
2024-10-07,-0.009228947842808838
2024-10-08,-0.007975345784794812
2024-10-09,0.0
2024-10-10,0.0
2024-10-11,0.0
2024-10-14,0.0
2024-10-15,-0.006393163146378546
2024-10-16,-0.0022626542410740243
2024-10-17,-0.002416978415066996
2024-10-18,0.0
2024-10-21,-0.005022308913550244
2024-10-22,-0.0026637697522040064
2024-10-23,-0.008897753135630477
2024-10-24,-0.011413075668732515
2024-10-25,-0.014577408869679297
2024-10-28,-0.00993828415329307
2024-10-29,-0.013730253897894104
2024-10-30,-0.01624213653033124
2024-10-31,-0.026740986488238624
2024-11-01,-0.023121782669999306
2024-11-04,-0.025037012855937398
2024-11-05,-0.016703603018290207
2024-11-06,0.0
2024-11-07,0.0
2024-11-08,0.0
2024-11-11,-0.0006039230998941798
2024-11-12,-0.0038485278432013764
2024-11-13,-0.001401275940727888
2024-11-14,-0.002119195680947003
2024-11-15,-0.006866007665924529
2024-11-18,-0.004392087725461318
2024-11-19,-0.006383619913172809
2024-11-20,-0.004518644683178261
2024-11-21,0.0
2024-11-22,0.0
2024-11-25,0.0
2024-11-26,0.0
2024-11-27,-0.0015349584902273894
2024-11-29,0.0
2024-12-02,0.0
2024-12-03,-0.0014513707895552313
2024-12-04,-0.0022576050378039603
2024-12-05,-0.005491052652104347
2024-12-06,-0.007271711324422796
2024-12-09,-0.008056290074158534
2024-12-10,-0.009551361910396676
2024-12-11,-0.011188122955536966
2024-12-12,-0.01859278571144567
2024-12-13,-0.021731636912084257
2024-12-16,-0.02454975080139515
2024-12-17,-0.029116150453139627
2024-12-18,-0.05038906121735422
2024-12-19,-0.0545402507661806
2024-12-20,-0.04586821599221391
2024-12-23,-0.04303563532744983
2024-12-24,-0.03550134767643135
2024-12-26,-0.03507488004534344
2024-12-27,-0.04152574821768734
2024-12-30,-0.048657023858133905
2024-12-31,-0.04846350565986455
