date,actual_return,actual_loss,var95_static,var95_ewma,var95_garch,var95_tgarch,breach_static,breach_ewma,breach_garch,breach_tgarch
2022-01-03,0.0043425153898955,-0.0043425153898955,0.015073,0.012300243930910294,0.01039609632929137,0.009786629849359121,0,0,0,0
2022-01-04,0.0062995446263501,-0.0062995446263501,0.015073,0.011965375430098318,0.009906277479346463,0.009195225565515691,0,0,0,0
2022-01-05,-0.0084294624437412,0.0084294624437412,0.015073,0.01190568809030749,0.010152879316248361,0.009073182483005001,0,0,0,0
2022-01-06,-0.0039234029454644,0.0039234029454644,0.015073,0.012250800187549081,0.012287055591608281,0.012326449320076274,0,0,0,0
2022-01-07,0.0011046689732888,-0.0011046689732888,0.015073,0.011939235090255379,0.011863349366474702,0.011953483318260141,0,0,0,0
2022-01-10,-0.0042737652406102,0.0042737652406102,0.015073,0.011641522967907122,0.010795835813387724,0.010789345591465912,0,0,0,0
2022-01-11,0.0081213945201335,-0.0081213945201335,0.015073,0.01143604033673493,0.010850481508426272,0.010969749651621133,0,0,0,0
2022-01-12,3.550444376608316e-05,-3.550444376608316e-05,0.015073,0.01174756559586754,0.011507322179077807,0.010946024887326596,0,0,0,0
2022-01-13,-0.0066880455037272,0.0066880455037272,0.015073,0.011272147266683548,0.010542138321981089,0.010015770838701334,0,0,0,0
2022-01-14,-0.0043206393240453,0.0043206393240453,0.015073,0.011149981145929529,0.01158155013836834,0.01164649750138889,0,0,0,0
2022-01-18,-0.0168885053951407,0.0168885053951407,0.015073,0.01106090636466279,0.011423102671004435,0.011602019176309828,1,1,1,1
2022-01-19,-0.0035761956536602,0.0035761956536602,0.015073,0.0131366259589052,0.018082712938175895,0.02033121393762823,0,0,0,0
2022-01-20,-0.0059614885212124,0.0059614885212124,0.015073,0.012637773122571416,0.01635053573267119,0.018204764582235657,0,0,0,0
2022-01-21,-0.0128978212260479,0.0128978212260479,0.015073,0.012516383923623546,0.015599210879625746,0.017255972355442423,0,1,0,0
2022-01-24,0.0027684276271241,-0.0027684276271241,0.015073,0.013494517888437895,0.01799207219998795,0.020207297846397423,0,0,0,0
2022-01-25,-0.0070021555775245,0.0070021555775245,0.015073,0.013138367958911809,0.01587854241261496,0.017652255463325665,0,0,0,0
2022-01-26,-0.0036607475778059,0.0036607475778059,0.015073,0.013003178843700185,0.015538744684314671,0.01692890078808903,0,0,0,0
2022-01-27,0.0027140574929354,-0.0027140574929354,0.015073,0.012703991029153334,0.014310436833271555,0.015445846754328378,0,0,0,0
2022-01-28,0.0080814493105141,-0.0080814493105141,0.015073,0.012374590320447269,0.012899682065266833,0.013710758366503331,0,0,0,0
2022-01-31,0.0144698920677014,-0.0144698920677014,0.015073,0.01248585690912615,0.013042843252752012,0.01293123876161161,0,0,0,0
2022-02-01,0.0078560511229671,-0.0078560511229671,0.015073,0.013618108115853601,0.0161942907127182,0.014170509540784668,0,0,0,0
2022-02-02,0.0059163439507796,-0.0059163439507796,0.015073,0.013732552465146113,0.015459672469923563,0.013349949271613345,0,0,0,0
2022-02-03,-0.0345388435504845,0.0345388435504845,0.015073,0.013461009723720885,0.014355805355534768,0.012323560556204555,1,1,1,1
2022-02-04,0.0083353467101975,-0.0083353467101975,0.015073,0.019932712159332913,0.03204128450876876,0.03432954418159156,0,0,0,0
2022-02-07,-0.0019592449051107,0.0019592449051107,0.015073,0.020085654374180487,0.028392989979468358,0.030176241440329234,0,0,0,0
2022-02-08,0.0032714541304398,-0.0032714541304398,0.015073,0.019075147305513303,0.024854306958467184,0.026443873484497966,0,0,0,0
2022-02-09,0.0087701935445259,-0.0087701935445259,0.015073,0.019133580592407405,0.021836358156485203,0.0231726089519835,0,0,0,0
2022-02-10,-0.0143831557449714,0.0143831557449714,0.015073,0.018388302290110476,0.020212969272611698,0.021004511833464884,0,0,0,0
2022-02-11,-0.0087886862219385,0.0087886862219385,0.015073,0.01885674281493993,0.021763780986322135,0.022989337748860007,0,0,0,0
2022-02-14,-0.0039157762533233,0.0039157762533233,0.015073,0.019108613119900513,0.02074764492486549,0.021950318420033397,0,0,0,0
2022-02-15,0.0057444726395862,-0.0057444726395862,0.015073,0.018607599495721713,0.01865214847301613,0.019787469592466377,0,0,0,0
2022-02-16,-2.3382647200777523e-05,2.3382647200777523e-05,0.015073,0.017806660183649608,0.016913158694090984,0.017760635617245196,0,0,0,0
2022-02-17,-0.0134697845794696,0.0134697845794696,0.015073,0.017990168962070632,0.015022956941602696,0.015793296950105583,0,0,0,0
2022-02-18,-0.0059473568187615,0.0059473568187615,0.015073,0.018137028200596907,0.017919922206435252,0.019008787622862566,0,0,0,0
2022-02-22,-0.0118013942042081,0.0118013942042081,0.015073,0.017406741226280366,0.016813825378471953,0.017832888923208737,0,0,0,0
2022-02-23,-0.0124865757354878,0.0124865757354878,0.015073,0.017634995186127173,0.018183505358466925,0.019376631268191412,0,0,0,0
2022-02-24,0.0069508183758529,-0.0069508183758529,0.015073,0.018322264088960247,0.019432627162757964,0.020804246391820394,0,0,0,0
2022-02-25,0.0208714080980489,-0.0208714080980489,0.015073,0.018945985855890326,0.017896297747124035,0.01880207600645374,0,0,0,0
2022-02-28,0.0004913528277874,-0.0004913528277874,0.015073,0.019359302358414262,0.022851427995393848,0.021093969929709428,0,0,0,0
2022-03-01,-0.0076372051061099,0.0076372051061099,0.015073,0.018768995921397264,0.020067499871011165,0.01858628317240236,0,0,0,0
2022-03-02,0.0131697859516284,-0.0131697859516284,0.015073,0.018494672820224684,0.019002431036270466,0.018049187896666694,0,0,0,0
2022-03-03,-3.5042012158731806e-05,3.5042012158731806e-05,0.015073,0.019595834007186206,0.019603197490203825,0.01788767288975396,0,0,0,0
2022-03-04,0.0022579360186697,-0.0022579360186697,0.015073,0.018642879011648055,0.01732738906621604,0.015886193402843016,0,0,0,0
2022-03-07,-0.010011017124553,0.010011017124553,0.015073,0.018102624262038944,0.015408078790880473,0.014210924741105385,0,0,0,0
2022-03-08,-0.0009222412611134,0.0009222412611134,0.015073,0.017703146675985673,0.016405915630831235,0.015974778538903826,0,0,0,0
2022-03-09,0.0071414037644794,-0.0071414037644794,0.015073,0.01719865734699823,0.014689405379455903,0.014325761651072357,0,0,0,0
2022-03-10,0.00102050658544,-0.00102050658544,0.015073,0.016789046705507658,0.014107148703485796,0.013512702728009822,0,0,0,0
2022-03-11,-0.009282516879653,0.009282516879653,0.015073,0.016445459272453694,0.012622687156574414,0.012194624464306395,0,0,0,0
2022-03-14,-0.0065487353944988,0.0065487353944988,0.015073,0.016433599463664586,0.014187695993306633,0.01424971373607204,0,0,0,0
2022-03-15,0.0115344036507877,-0.0115344036507877,0.015073,0.016206843849470277,0.014100800799021356,0.014337646141853672,0,0,0,0
2022-03-16,0.0137318409328909,-0.0137318409328909,0.015073,0.01648929579287549,0.015450161228914691,0.014654909849603194,0,0,0,0
2022-03-17,0.0109594229029708,-0.0109594229029708,0.015073,0.0170511475457065,0.017400523275666727,0.01560155136068868,0,0,0,0
2022-03-18,0.0069405779839881,-0.0069405779839881,0.015073,0.017568711368133493,0.01753221398163947,0.015436876210874424,0,0,0,0
2022-03-21,-0.0007967127553069,0.0007967127553069,0.015073,0.01696304218330452,0.016322511630703924,0.0143563560010649,0,0,0,0
2022-03-22,0.0057954506834993,-0.0057954506834993,0.015073,0.01629444935852854,0.014564767966126295,0.01291995605012052,0,0,0,0
2022-03-23,-0.0046563851800261,0.0046563851800261,0.015073,0.015851949073305997,0.013749835169464623,0.012108429748755953,0,0,0,0
2022-03-24,0.007266229568199,-0.007266229568199,0.015073,0.01610640673789978,0.0131803692152527,0.012014416197699067,0,0,0,0
2022-03-25,0.0045236771425546,-0.0045236771425546,0.015073,0.015500668258350935,0.012998661645117279,0.01167081999009272,0,0,0,0
2022-03-28,0.0007588156483742,-0.0007588156483742,0.015073,0.015156139613209422,0.012146053685678403,0.010932386819976525,0,0,0,0
2022-03-29,0.0044170416878295,-0.0044170416878295,0.015073,0.014827801502385085,0.011041685618383312,0.010043907438597779,0,0,0,0
2022-03-30,-0.0006980492301629,0.0006980492301629,0.015073,0.014367817763730114,0.01053935581406471,0.0095891022758254,0,0,0,0
2022-03-31,-0.0136559684365533,0.0136559684365533,0.015073,0.013911390362976181,0.009849440278406242,0.009055809808880334,0,0,1,1
2022-04-01,0.0034722001558857,-0.0034722001558857,0.015073,0.015496785287510792,0.01507273073474521,0.015416978067289812,0,0,0,0
2022-04-04,0.0059077973301865,-0.0059077973301865,0.015073,0.01515483685005906,0.013719434702340536,0.01398292965803431,0,0,0,0
2022-04-05,-0.0072352694633271,0.0072352694633271,0.015073,0.014244405298182779,0.013087525533479265,0.013067701914269867,0,0,0,0
2022-04-06,-0.0056212504464961,0.0056212504464961,0.015073,0.014082030300913309,0.01354575399168548,0.013767314663553595,0,0,0,0
2022-04-07,0.0029824288848453,-0.0029824288848453,0.015073,0.014553293888055395,0.013316673052592192,0.013641702279012473,0,0,0,0
2022-04-08,0.0031829257942504,-0.0031829257942504,0.015073,0.013503424840911977,0.012224564471259556,0.0124747469734099,0,0,0,0
2022-04-11,-0.0146355724906513,0.0146355724906513,0.015073,0.013541101163172564,0.011364087089502845,0.01151204861980461,0,1,1,1
2022-04-12,0.0009336079715979,-0.0009336079715979,0.015073,0.015024183138864266,0.0162861063383281,0.017316682675967882,0,0,0,0
2022-04-13,0.007049415011727,-0.007049415011727,0.015073,0.014581431964490377,0.014609817033435,0.015528186440424719,0,0,0,0
2022-04-14,-0.0067297828001671,0.0067297828001671,0.015073,0.014496945984591825,0.0141351129827848,0.01455222146363042,0,0,0,0
2022-04-18,0.0011320094167435,-0.0011320094167435,0.015073,0.014383731826680702,0.014144386287899388,0.014695583633231655,0,0,0,0
2022-04-19,0.0115133059238865,-0.0115133059238865,0.015073,0.013301108394598967,0.012844520471294493,0.013322282654995037,0,0,0,0
2022-04-20,0.0006590124007385,-0.0006590124007385,0.015073,0.013858581798683848,0.014524815329819666,0.01381066831137338,0,0,0,0
2022-04-21,-0.0185854723181679,0.0185854723181679,0.015073,0.013412364877949345,0.013161529897621382,0.012587696699881717,1,1,1,1
2022-04-22,-0.0242635564755529,0.0242635564755529,0.015073,0.015622989183590183,0.019736409379448674,0.02061669206613309,1,1,1,1
2022-04-25,0.0037568749768968,-0.0037568749768968,0.015073,0.01858534149497325,0.027109600691326504,0.02997542177290127,0,0,0,0
2022-04-26,-0.0177328035997817,0.0177328035997817,0.015073,0.01844306909964111,0.023924527007768457,0.026532720133369648,1,0,0,0
2022-04-27,-0.0001610378168399,0.0001610378168399,0.015073,0.01940531137659268,0.025957544089816535,0.02900713415363206,0,0,0,0
2022-04-28,0.0269173264149265,-0.0269173264149265,0.015073,0.020512703424618924,0.022815055063752723,0.025678227742186244,0,0,0,0
2022-04-29,-0.0294382697808254,0.0294382697808254,0.015073,0.02347177585374208,0.02946802106628002,0.02801769339742352,1,1,0,1
2022-05-02,0.0054781636919568,-0.0054781636919568,0.015073,0.025386384226176874,0.03569966335934747,0.0373443628037421,0,0,0,0
2022-05-03,0.0043045311440054,-0.0043045311440054,0.015073,0.02531504492636138,0.0314382583379494,0.03312413687552137,0,0,0,0
2022-05-04,0.0254248626877192,-0.0254248626877192,0.015073,0.02343196015637853,0.027709240793130748,0.029258642196104166,0,0,0,0
2022-05-05,-0.031122677552076,0.031122677552076,0.015073,0.02749532301220639,0.03165444820490984,0.03013912446277848,1,1,0,1
2022-05-06,-0.0011631185405132,0.0011631185405132,0.015073,0.028191847400862894,0.03800003223708368,0.04005829936119131,0,0,0,0
2022-05-09,-0.0241372828283172,0.0241372828283172,0.015073,0.029640550179586427,0.03329041319140347,0.03514029864042209,1,0,0,0
2022-05-10,-0.0011908408620119,0.0011908408620119,0.015073,0.030990080534828764,0.03548576414904059,0.0386669737576419,0,0,0,0
2022-05-11,-0.0095745966398518,0.0095745966398518,0.015073,0.030051446817139095,0.030945055413535,0.03406888433498239,0,0,0,0
2022-05-12,-0.001867363975791,0.001867363975791,0.015073,0.02676924558760379,0.028187067173183398,0.031340357355249725,0,0,0,0
2022-05-13,0.015109742837823,-0.015109742837823,0.015073,0.028612482166265052,0.02463137205102898,0.02750763094702889,0,0,0,0
2022-05-16,0.0034522472692294,-0.0034522472692294,0.015073,0.02716242573575213,0.0245891874944235,0.02592484198867343,0,0,0,0
2022-05-17,0.0143969386880558,-0.0143969386880558,0.015073,0.02638179126427371,0.02158830600817957,0.022889338499962792,0,0,0,0
2022-05-18,-0.0294742614865037,0.0294742614865037,0.015073,0.027854230091482097,0.022064877439959947,0.022103691727772344,1,1,1,1
2022-05-19,-0.0036049427573517,0.0036049427573517,0.015073,0.0310588846846279,0.03168721701551639,0.03471021388010287,0,0,0,0
2022-05-20,0.0006051386702003,-0.0006051386702003,0.015073,0.029633437818796547,0.027964136009525308,0.03089625003495221,0,0,0,0
2022-05-23,0.0166932319255093,-0.0166932319255093,0.015073,0.029354352142364464,0.024532745047183075,0.027330424390448076,0,0,0,0
2022-05-24,-0.0005859771748431,0.0005859771748431,0.015073,0.027459422745996536,0.025222709185851063,0.026307776870459907,0,0,0,0
2022-05-25,0.0063799953833761,-0.0063799953833761,0.015073,0.02931404264227143,0.022178249154515356,0.023321983775772496,0,0,0,0
2022-05-26,0.0135298625648738,-0.0135298625648738,0.015073,0.0259760022146213,0.020050732586346633,0.021012700999445563,0,0,0,0
2022-05-27,0.0164289863358561,-0.0164289863358561,0.015073,0.025926752574264147,0.020610651612664916,0.020501013703383603,0,0,0,0
2022-05-31,-0.0072009138157412,0.0072009138157412,0.015073,0.0276864678237239,0.02230244995256134,0.020974582812535388,0,0,0,0
2022-06-01,-0.0025207723681255,0.0025207723681255,0.015073,0.025520406483028685,0.02069451375824002,0.020034409775972015,0,0,0,0
2022-06-02,0.0130959290258008,-0.0130959290258008,0.015073,0.02488265998473911,0.018544573507881138,0.01815018738767576,0,0,0,0
2022-06-03,-0.0091267176803051,0.0091267176803051,0.015073,0.024196259945685705,0.01931950871012028,0.01819025008114858,0,0,0,0
2022-06-06,0.0021368592045783,-0.0021368592045783,0.015073,0.024448720707924396,0.01907717309380149,0.01879299328677107,0,0,0,0
2022-06-07,0.0089597221565061,-0.0089597221565061,0.015073,0.023723862365152133,0.017008232441372808,0.016901030185734862,0,0,0,0
2022-06-08,-0.0061276152107776,0.0061276152107776,0.015073,0.023359911234182955,0.016623923068714526,0.016180614130909765,0,0,0,0
2022-06-09,-0.0194421458949848,0.0194421458949848,0.015073,0.023224041801303708,0.01595401763066979,0.015937640706491146,1,0,1,1
2022-06-10,-0.0252339361923177,0.0252339361923177,0.015073,0.025598808329646224,0.022004623503234632,0.023512368129702588,1,0,1,1
2022-06-13,-0.0320945028889203,0.0320945028889203,0.015073,0.027674519979641737,0.029726028617731208,0.032144333322659854,1,1,1,0
2022-06-14,-0.0075050326441321,0.0075050326441321,0.015073,0.03073441032158978,0.038762489324731905,0.042376245825326564,0,0,0,0
2022-06-15,0.0120151927335216,-0.0120151927335216,0.015073,0.030696444727723027,0.034402495408085196,0.037954085265293536,0,0,0,0
2022-06-16,-0.0241806398895945,0.0241806398895945,0.015073,0.029795057304551058,0.031517639520846547,0.03424689583739447,1,0,0,0
2022-06-17,-0.0056292086543407,0.0056292086543407,0.015073,0.03105164911293415,0.03500345966597594,0.038355307371797195,0,0,0,0
2022-06-21,0.0173829398992059,-0.0173829398992059,0.015073,0.03136937730031572,0.030959925292674547,0.03417560868397498,0,0,0,0
2022-06-22,-0.0031617117843488,0.0031617117843488,0.015073,0.03048597418214998,0.030636646256750083,0.03212940889171216,0,0,0,0
2022-06-23,0.0045439713508774,-0.0045439713508774,0.015073,0.03071401033528899,0.027008720299756272,0.02853201780252897,0,0,0,0
2022-06-24,0.0218490468298172,-0.0218490468298172,0.015073,0.02986529164687111,0.023822625005480828,0.025289032000605456,0,0,0,0
2022-06-27,-0.0008404734361756,0.0008404734361756,0.015073,0.029805454461236145,0.02775485493427175,0.026556093288569182,0,0,0,0
2022-06-28,-0.0135375953914477,0.0135375953914477,0.015073,0.02929650361906945,0.024364810701191234,0.02357992526424773,0,0,0,0
2022-06-29,0.001498211549969,-0.001498211549969,0.015073,0.029165698238329728,0.024617018022683967,0.024820785391723138,0,0,0,0
2022-06-30,-0.008550169287263,0.008550169287263,0.015073,0.02801831786662686,0.021596267079834263,0.02195400532095058,0,0,0,0
2022-07-01,0.0118222297997684,-0.0118222297997684,0.015073,0.027390014991214233,0.020608964266509298,0.021287925031208438,0,0,0,0
2022-07-05,-0.0021164059080715,0.0021164059080715,0.015073,0.027511535290469513,0.02053736817406533,0.0203449974128336,0,0,0,0
2022-07-06,-0.0003223898898534,0.0003223898898534,0.015073,0.026354792354339483,0.018263122606837524,0.018238206743946002,0,0,0,0
2022-07-07,0.0120062691187175,-0.0120062691187175,0.015073,0.02588079405059914,0.01620519453641114,0.01628616315003368,0,0,0,0
2022-07-08,-0.0027285442162689,0.0027285442162689,0.015073,0.026844951464367203,0.017445719653393952,0.016578180514021157,0,0,0,0
2022-07-11,-0.0077701473935807,0.0077701473935807,0.015073,0.02563615144763271,0.01578074987641048,0.015170485922541107,0,0,0,0
2022-07-12,-0.0070457319272155,0.0070457319272155,0.015073,0.024258972718652485,0.015886012737925365,0.015800754159674985,0,0,0,0
2022-07-13,-0.00169698410524,0.00169698410524,0.015073,0.023749626417772007,0.015690722440718435,0.01594009389906361,0,0,0,0
2022-07-14,-0.0081097514465306,0.0081097514465306,0.015073,0.02304069724685273,0.014210355373318604,0.014516905112563516,0,0,0,0
2022-07-15,0.0167139660895788,-0.0167139660895788,0.015073,0.024477250602892874,0.01488770291057999,0.015499812126460462,0,0,0,0
2022-07-18,-0.0033224086699893,0.0033224086699893,0.015073,0.023724421129285547,0.019160922665495884,0.017655557899996982,0,0,0,0
2022-07-19,0.0222088958448114,-0.0222088958448114,0.015073,0.022766425086628166,0.017324881574102828,0.016195258025323556,0,0,0,0
2022-07-20,0.0051218901437635,-0.0051218901437635,0.015073,0.02546728366982982,0.02392131517290031,0.020533924379823525,0,0,0,0
2022-07-21,0.0060079183955019,-0.0060079183955019,0.015073,0.023921429464208582,0.021035204629352402,0.018421806872695592,0,0,0,0
2022-07-22,-0.0054042042767773,0.0054042042767773,0.015073,0.023673872083811692,0.0190535782771908,0.016834222015842015,0,0,0,0
2022-07-25,0.0034161270091756,-0.0034161270091756,0.015073,0.022811223329595086,0.017672712392848663,0.01614946603758912,0,0,0,0
2022-07-26,-0.0112367065730024,0.0112367065730024,0.015073,0.02301501583268237,0.01596997297656056,0.01473781246441038,0,0,0,0
2022-07-27,0.018562215150413,-0.018562215150413,0.015073,0.02217635158458527,0.017480169696537783,0.01734571025147671,0,0,0,0
2022-07-28,0.009754555859667,-0.009754555859667,0.015073,0.02359414100647792,0.021428433463605377,0.019500930109986995,0,0,0,0
2022-07-29,0.0160338197547755,-0.0160338197547755,0.015073,0.02336769616071333,0.02044310065928146,0.018481118836607708,0,0,0,0
2022-08-01,-0.0013192509468512,0.0013192509468512,0.015073,0.02397495107028296,0.022076224233807763,0.019494381187201794,0,0,0,0
2022-08-02,-0.0105916053091969,0.0105916053091969,0.015073,0.0225698943501913,0.01969918820205062,0.01754635643788234,0,0,0,0
2022-08-03,0.0124092767617988,-0.0124092767617988,0.015073,0.022682693513338285,0.019874836230926087,0.01885773404911868,0,0,0,0
2022-08-04,-0.0023861618130339,0.0023861618130339,0.015073,0.02278287873751643,0.02011563251571247,0.018637101645784263,0,0,0,0
2022-08-05,0.0011541781669584,-0.0011541781669584,0.015073,0.019887280916771638,0.018083920485758777,0.01696513319257591,0,0,0,0
2022-08-08,0.00144666721373,-0.00144666721373,0.015073,0.02009787354885102,0.016045100258972943,0.01522277328694517,0,0,0,0
2022-08-09,0.0013554106116663,-0.0013554106116663,0.015073,0.02080984072889064,0.014435658844588925,0.013802876246339649,0,0,0,0
2022-08-10,0.0153477767916374,-0.0153477767916374,0.015073,0.018150087933187162,0.01301875353984239,0.012569659077611955,0,0,0,0
2022-08-11,0.0003179799148333,-0.0003179799148333,0.015073,0.019844332100202457,0.016940475740049976,0.015172967547880932,0,0,0,0
2022-08-12,0.0111775608977722,-0.0111775608977722,0.015073,0.019240338237534568,0.01523960802780514,0.013795149549641504,0,0,0,0
2022-08-15,0.0002202822669435,-0.0002202822669435,0.015073,0.018818156713501386,0.016179951240474957,0.014461063464417407,0,0,0,0
2022-08-16,0.0037350846430981,-0.0037350846430981,0.015073,0.01776097105034889,0.01468344450906753,0.013138561404910622,0,0,0,0
2022-08-17,-0.0043087422652888,0.0043087422652888,0.015073,0.01825508176791701,0.01340885021776213,0.012231954644320387,0,0,0,0
2022-08-18,0.0025184987359708,-0.0025184987359708,0.015073,0.017338684304616585,0.012941373971088266,0.012188572531760231,0,0,0,0
2022-08-19,-0.0101762405976049,0.0101762405976049,0.015073,0.01684749639786747,0.011956459834484798,0.011367842473178666,0,0,0,0
2022-08-22,-0.0142806484686028,0.0142806484686028,0.015073,0.01740348407714099,0.014201662172458492,0.01447109473484737,0,0,1,0
2022-08-23,-0.0001545793749768,0.0001545793749768,0.015073,0.017995215643666403,0.017825449847391577,0.01891651268755434,0,0,0,0
2022-08-24,0.0012566854008827,-0.0012566854008827,0.015073,0.017658405027611027,0.016021361934939776,0.017054927139880355,0,0,0,0
2022-08-25,0.0121566807254032,-0.0121566807254032,0.015073,0.01611259298014317,0.014445649511920929,0.015414316259056612,0,0,0,0
2022-08-26,-0.0246038256254481,0.0246038256254481,0.015073,0.016932093514032874,0.016017860443738284,0.015844572667177766,1,1,1,1
2022-08-29,-0.0035122071272171,0.0035122071272171,0.015073,0.021330109915873967,0.025220034853917956,0.027270305478326148,0,0,0,0
2022-08-30,-0.0113007707255114,0.0113007707255114,0.015073,0.019691338575941564,0.022596582756525128,0.024585912360454855,0,0,0,0
2022-08-31,-0.0057990663648948,0.0057990663648948,0.015073,0.019251994247901437,0.02234037462683784,0.024539664250812075,0,0,0,0
2022-09-01,0.0028880188730842,-0.0028880188730842,0.015073,0.02053076130048466,0.020573825657933,0.02266334559509987,0,0,0,0
2022-09-02,-0.0069697686592388,0.0069697686592388,0.015073,0.019817349483710944,0.018453252369945907,0.020362058574949188,0,0,0,0
2022-09-06,-0.0049242394956355,0.0049242394956355,0.015073,0.018021281486144774,0.01770633636452234,0.019578975798210017,0,0,0,0
2022-09-07,0.0112092198410705,-0.0112092198410705,0.015073,0.017608060434646657,0.01659385290699573,0.0183656364293839,0,0,0,0
2022-09-08,0.0042494119874692,-0.0042494119874692,0.015073,0.0194498237046597,0.01722385925456503,0.017928763282343795,0,0,0,0
2022-09-09,0.0130907868678202,-0.0130907868678202,0.015073,0.01876584805989804,0.01577800077929964,0.016394112958714267,0,0,0,0
2022-09-12,0.0081498407704145,-0.0081498407704145,0.015073,0.019281384745699397,0.017440871381490915,0.01691298849482384,0,0,0,0
2022-09-13,-0.0364883972881701,0.0364883972881701,0.015073,0.017889907484174527,0.01680541216919275,0.01599217808328728,1,1,1,1
2022-09-14,0.0020287237740659,-0.0020287237740659,0.015073,0.02660263308532266,0.03378752666975225,0.035706181102447034,0,0,0,0
2022-09-15,-0.0096102020428187,0.0096102020428187,0.015073,0.02581755403243345,0.02979996087307652,0.031690040473969235,0,0,0,0
2022-09-16,-0.0067576165930146,0.0067576165930146,0.015073,0.024741062149560185,0.027574356165571964,0.0294205057404001,0,0,0,0
2022-09-19,0.0068391974186197,-0.0068391974186197,0.015073,0.02464391355601883,0.025246008493230825,0.027084066755377417,0,0,0,0
2022-09-20,-0.0092488917522951,0.0092488917522951,0.015073,0.023600809787181178,0.023064118271290804,0.02467155410147666,0,0,0,0
2022-09-21,-0.0137327444820042,0.0137327444820042,0.015073,0.02433677356868005,0.022090922380979868,0.0237244144379274,0,0,0,0
2022-09-22,-0.0036843816765674,0.0036843816765674,0.015073,0.02404949554617945,0.022878570338097464,0.02458212716271468,0,0,0,0
2022-09-23,-0.0173896981793904,0.0173896981793904,0.015073,0.02360318233992842,0.02063549570336255,0.02243381910767536,1,0,0,0
2022-09-26,-0.0109294768987186,0.0109294768987186,0.015073,0.02174102848717018,0.023440212933912078,0.025333373666034026,0,0,0,0
2022-09-27,-0.0038011189395346,0.0038011189395346,0.015073,0.02355751980007249,0.022997694211621685,0.02482739568042529,0,0,0,0
2022-09-28,0.0216396255742674,-0.0216396255742674,0.015073,0.02237637286149919,0.020754496262007052,0.022670411173228218,0,0,0,0
2022-09-29,-0.0168868713024071,0.0168868713024071,0.015073,0.02455898955195379,0.025007526876711005,0.024453511589678758,1,0,0,0
2022-09-30,-0.0125048144526807,0.0125048144526807,0.015073,0.025168753379222784,0.02630413149086884,0.026553089618632765,0,0,0,0
2022-10-03,0.0266845417050203,-0.0266845417050203,0.015073,0.023069998545214587,0.025654326920727957,0.02636084991239747,0,0,0,0
2022-10-04,0.0245761585503512,-0.0245761585503512,0.015073,0.02530150855608863,0.030998281359710257,0.029228980180813432,0,0,0,0
2022-10-05,-0.0012318871557488,0.0012318871557488,0.015073,0.027687497755378883,0.033272083268010046,0.030210675818287708,0,0,0,0
2022-10-06,-0.0060160756452844,0.0060160756452844,0.015073,0.026028352865377857,0.029584843123511916,0.027121915382649762,0,0,0,0
2022-10-07,-0.0211488273681232,0.0211488273681232,0.015073,0.0268434035535323,0.027110996180286853,0.025145814200065054,1,0,0,0
2022-10-10,-0.0063636920423566,0.0063636920423566,0.015073,0.026327941375776175,0.02980465073369404,0.029276328240571827,0,0,0,0
2022-10-11,-0.0059856910064171,0.0059856910064171,0.015073,0.025758071480533988,0.02708675738210015,0.02692351451021186,0,0,0,0
2022-10-12,-0.0013753231786445,0.0013753231786445,0.015073,0.02558735871848552,0.024781766034113122,0.02494330417148331,0,0,0,0
2022-10-13,0.0194360050086692,-0.0194360050086692,0.015073,0.024284651837432142,0.02221612143821268,0.022646876583543755,0,0,0,0
2022-10-14,-0.0172533436362507,0.0172533436362507,0.015073,0.027131561300316222,0.024942880990022915,0.023603664333015622,1,0,0,0
2022-10-17,0.0211089604567564,-0.0211089604567564,0.015073,0.025481867776724437,0.026447575595405413,0.02605254471645042,0,0,0,0
2022-10-18,0.00876670052858,-0.00876670052858,0.015073,0.028588734259098948,0.02859762677018887,0.026767589843449117,0,0,0,0
2022-10-19,-0.0033254322225651,0.0033254322225651,0.015073,0.026606121476921187,0.02636494325749037,0.02475508603606076,0,0,0,0
2022-10-20,-0.0075975092180431,0.0075975092180431,0.015073,0.025159968517454584,0.023830888732447295,0.022679562413042528,0,0,0,0
2022-10-21,0.0214981744250622,-0.0214981744250622,0.015073,0.024624810034759092,0.02236633725688226,0.02174592185932992,0,0,0,0
2022-10-24,0.0087775288744919,-0.0087775288744919,0.015073,0.02640049497307223,0.025643897752403236,0.023605996084208596,0,0,0,0
2022-10-25,0.0130148488452902,-0.0130148488452902,0.015073,0.025906186367088004,0.023898840518360498,0.022017829722046748,0,0,0,0
2022-10-26,-0.0062469260140814,0.0062469260140814,0.015073,0.02580618257753646,0.02353519195088613,0.021420010312216034,0,0,0,0
2022-10-27,-0.0130083219773736,0.0130083219773736,0.015073,0.025181088221312972,0.021903922841601527,0.020255475288131698,0,0,0,0
2022-10-28,0.0171871963962277,-0.0171871963962277,0.015073,0.025121766976042712,0.022417042826630682,0.021563080718531368,0,0,0,0
2022-10-31,-0.0081256519401452,0.0081256519401452,0.015073,0.025582084264896873,0.023920803521229498,0.022053766866972118,0,0,0,0
2022-11-01,-0.0008068391909555,0.0008068391909555,0.015073,0.02507701962585423,0.022604870715244224,0.021296281657978016,0,0,0,0
2022-11-02,-0.0181612485506634,0.0181612485506634,0.015073,0.024315846311315004,0.020416107303661016,0.019445528831769608,1,0,0,0
2022-11-03,-0.0039266644357728,0.0039266644357728,0.015073,0.02432505871284121,0.02350568579470608,0.023462401395221936,0,0,0,0
2022-11-04,0.0125148257658388,-0.0125148257658388,0.015073,0.024287282481063804,0.021293738417296294,0.021652458919152115,0,0,0,0
2022-11-07,0.0091462790383958,-0.0091462790383958,0.015073,0.02467323345718011,0.021295427517722777,0.021029765083004564,0,0,0,0
2022-11-08,0.0047638932095204,-0.0047638932095204,0.015073,0.02513578447251446,0.020382106721016507,0.019905118452455427,0,0,0,0
2022-11-09,-0.0123135553363967,0.0123135553363967,0.015073,0.023265266162646885,0.0187671338135038,0.018377291836669973,0,0,0,0
2022-11-10,0.0442145910633494,-0.0442145910633494,0.015073,0.024455136934322115,0.019749111120309987,0.019790861685495563,0,0,0,0
2022-11-11,0.0056104237170354,-0.0056104237170354,0.015073,0.030189150540904142,0.03762028072230941,0.03184018940398503,0,0,0,0
2022-11-14,-0.005540819995427,0.005540819995427,0.015073,0.029380667856539318,0.033693820443962304,0.02864589795828314,0,0,0,0
2022-11-15,0.0044713326032461,-0.0044713326032461,0.015073,0.029853825587392063,0.030524339105851544,0.026260734975615502,0,0,0,0
2022-11-16,-0.0014616182764452,0.0014616182764452,0.015073,0.028975208182048764,0.027593548986084987,0.023859910438965633,0,0,0,0
2022-11-17,-0.0044131705562646,0.0044131705562646,0.015073,0.02625224998757417,0.024925494800644918,0.021694481579447106,0,0,0,0
2022-11-18,0.0027877138470785,-0.0027877138470785,0.015073,0.027816066782742083,0.02278287726479752,0.020268187404690517,0,0,0,0
2022-11-21,-0.002762833940473,0.002762833940473,0.015073,0.02545044160085787,0.020668210499252906,0.018497906135332826,0,0,0,0
2022-11-22,0.0124559684220234,-0.0124559684220234,0.015073,0.025781408554437578,0.018830674569426168,0.01710599357735732,0,0,0,0
2022-11-23,0.004000424590966,-0.004000424590966,0.015073,0.026117283722164278,0.019360386367843596,0.017150912224752245,0,0,0,0
2022-11-25,0.0001303941357598,-0.0001303941357598,0.015073,0.025221181095000118,0.01765545266179228,0.015824945000363112,0,0,0,0
2022-11-28,-0.0137277332461729,0.0137277332461729,0.015073,0.02259597281638472,0.015906464923190023,0.014505220428200639,0,0,0,0
2022-11-29,-0.0017682476732797,0.0017682476732797,0.015073,0.023610880631719254,0.018473789106963935,0.01800982653771177,0,0,0,0
2022-11-30,0.0239726773060165,-0.0239726773060165,0.015073,0.022654227997725578,0.016824642956954558,0.01661358178065789,0,0,0,0
2022-12-01,-3.124127989570437e-05,3.124127989570437e-05,0.015073,0.02452540143295223,0.02374679038677794,0.020378983121328458,0,0,0,0
2022-12-02,0.0006548168216389,-0.0006548168216389,0.015073,0.02315252075526521,0.021343249765332084,0.01851610370185897,0,0,0,0
2022-12-05,-0.0148324911000968,0.0148324911000968,0.015073,0.022449077776385804,0.019251386302647545,0.016878136264370357,0,0,0,0
2022-12-06,-0.0139313141203999,0.0139313141203999,0.015073,0.022736311175135453,0.021193910372910192,0.020157272858017487,0,0,0,0
2022-12-07,0.0020985288846087,-0.0020985288846087,0.015073,0.023227222263985298,0.02224928076683557,0.022029681072102205,0,0,0,0
2022-12-08,0.0063045684303635,-0.0063045684303635,0.015073,0.022214189048538734,0.02003436509620553,0.020021330640889613,0,0,0,0
2022-12-09,-0.0089702304399551,0.0089702304399551,0.015073,0.022158476176287953,0.018619359134279017,0.0185489225627461,0,0,0,0
2022-12-12,0.0126357017475972,-0.0126357017475972,0.015073,0.022007533271990284,0.018460341433860317,0.01873838190287849,0,0,0,0
2022-12-13,0.0101468341101819,-0.0101468341101819,0.015073,0.021931666849430567,0.01916498748885451,0.018537260281236957,0,0,0,0
2022-12-14,-0.0030608160743027,0.0030608160743027,0.015073,0.021340895035170303,0.01884568065714198,0.01787692582471647,0,0,0,0
2022-12-15,-0.0197779180721768,0.0197779180721768,0.015073,0.021355192064608106,0.017304696931796405,0.016650107236665834,1,0,1,1
2022-12-16,-0.0050702378456246,0.0050702378456246,0.015073,0.02193148918552183,0.022485609993393767,0.022893928282954765,0,0,0,0
2022-12-19,-0.0082393607369858,0.0082393607369858,0.015073,0.021931669764618567,0.02071244443364152,0.021231723858277176,0,0,0,0
2022-12-20,0.0037136738013383,-0.0037136738013383,0.015073,0.022150882631531792,0.019922634258180114,0.020626410275072612,0,0,0,0
2022-12-21,0.0131860301052142,-0.0131860301052142,0.015073,0.02047460022032323,0.018178259178871267,0.018897571979431937,0,0,0,0
2022-12-22,-0.0131501089483215,0.0131501089483215,0.015073,0.020693266047475258,0.019215012377426146,0.018818151492089485,0,0,0,0
2022-12-23,0.0067810036298163,-0.0067810036298163,0.015073,0.021987574184771697,0.02042335528899491,0.020656441424436157,0,0,0,0
2022-12-27,-0.0011935074613785,0.0011935074613785,0.015073,0.021699222706277912,0.019036605095530217,0.019181168665620415,0,0,0,0
2022-12-28,-0.0098615679960355,0.0098615679960355,0.015073,0.0198607795578823,0.01724522610255411,0.017556818464942354,0,0,0,0
2022-12-29,0.0119498199294702,-0.0119498199294702,0.015073,0.02136825749632499,0.017690231589313002,0.018280236554045228,0,0,0,0
2022-12-30,-0.0014914894937656,0.0014914894937656,0.015073,0.019863143398964254,0.018407875049021645,0.018077350359600283,0,0,0,0
